Experiment,Cage,Microbiome,Diet,Date,Week,Start Weight,End Weight,,Gender,Notes,,
3,1,Lab,Fat,8/8/18,0,189,92,19.4,Female,,,
3,2,Lab,Fat,8/8/18,0,192,95,19.4,Female,,,
3,3,Lab,Fat,8/8/18,0,151,55,19.2,Female,,,
3,4,Lab,Fat,8/8/18,0,151,58,18.6,Female,,,
3,1,Lab,Chow,8/8/18,0,217,90,25.4,Female,,,
3,2,Lab,Chow,8/8/18,0,194,65,25.8,Female,,,
3,3,Lab,Chow,8/8/18,0,197,75,24.4,Female,,,
3,1,Lab,Fat,8/16/18,1,193,113,16,Female,,,
3,2,Lab,Fat,8/16/18,1,190,118,14.4,Female,,,
3,3,Lab,Fat,8/16/18,1,193,125,13.6,Female,,,
3,4,Lab,Fat,8/16/18,1,180,118,12.4,Female,,,
3,1,Lab,Chow,8/16/18,1,215,136,15.8,Female,,,
3,2,Lab,Chow,8/16/18,1,212,132,16,Female,,,
3,3,Lab,Chow,8/16/18,1,219,139,16,Female,,,
3,1,Wildling,Fat,8/8/18,0,184.02,59.42,24.92,Female,,,
3,2,Wildling,Fat,8/8/18,0,183.08,92.51,18.114,Female,,,
3,3,Wildling,Fat,8/8/18,0,185.04,101.34,16.74,Female,,,
3,4,Wildling,Fat,8/8/18,0,173.97,94.3,15.934,Female,,,
3,1,Wildling,Chow,8/8/18,0,168.64,44.02,24.924,Female,,,
3,2,Wildling,Chow,8/8/18,0,177.94,42.47,27.094,Female,,,
1,1,Lab,Fat,6/20/18,0,159,98,12.2,Female,,,
1,1,Lab,Fat,6/26/18,1,231,156.53,14.894,Female,,,
1,1,Lab,Fat,7/3/18,2,178.85,92,17.37,Female,,,
1,1,Lab,Fat,7/11/18,3,197.54,125.53,14.402,Female,,,
1,1,Lab,Fat,7/18/18,4,177,92,17,Female,,,
1,1,Lab,Fat,7/25/18,5,138,52,17.2,Female,,,
1,1,Lab,Fat,8/2/18,6,174.93,108.14,13.358,Female,,,
1,1,Lab,Fat,8/8/18,7,169,81,17.6,Female,,,
1,1,Lab,Fat,8/16/18,8,188,124,12.8,Female,,,
1,2,Lab,Fat,6/20/18,0,161,97,12.8,Female,,,
1,2,Lab,Fat,6/26/18,1,234,158.69,15.062,Female,,,
1,2,Lab,Fat,7/3/18,2,193.64,103,18.128,Female,,,
1,2,Lab,Fat,7/11/18,3,194.2,118.29,15.182,Female,,,
1,2,Lab,Fat,7/18/18,4,180,99,16.2,Female,,,
1,2,Lab,Fat,7/25/18,5,137,50,17.4,Female,,,
1,2,Lab,Fat,8/2/18,6,181.56,114.15,13.482,Female,,,
1,2,Lab,Fat,8/8/18,7,168,88,16,Female,,,
1,2,Lab,Fat,8/16/18,8,192,125,13.4,Female,,,
1,3,Lab,Fat,6/20/18,0,154,96,11.6,Female,,,
1,3,Lab,Fat,6/26/18,1,231,166.69,12.862,Female,,,
1,3,Lab,Fat,7/3/18,2,189.57,109,16.114,Female,,,
1,3,Lab,Fat,7/11/18,3,194.25,113.54,16.142,Female,,,
1,3,Lab,Fat,7/18/18,4,176,105,14.2,Female,,,
1,3,Lab,Fat,7/25/18,5,133,51,16.4,Female,,,
1,3,Lab,Fat,8/2/18,6,182.9,123.24,11.932,Female,,,
1,3,Lab,Fat,8/8/18,7,164,83,16.2,Female,,,
1,3,Lab,Fat,8/16/18,8,196,143,10.6,Female,,,
1,1,Lab,Chow,6/20/18,0,159,92,13.4,Female,,,
1,1,Lab,Chow,6/26/18,1,163,161.77,0.246,Female,,,
1,1,Lab,Chow,7/3/18,2,183.43,,36.686,Female,,,
1,1,Lab,Chow,7/11/18,3,198.05,119.38,15.734,Female,,,
1,1,Lab,Chow,7/18/18,4,184.56,103,16.312,Female,,,
1,1,Lab,Chow,7/25/18,5,175.77,241,-13.046,Female,caretaker just added more food,,
1,1,Lab,Chow,8/2/18,6,199,133.71,13.058,Female,,,
1,1,Lab,Chow,8/8/18,7,167,79,17.6,Female,,,
1,1,Lab,Chow,8/16/18,8,191,128,12.6,Female,,,
1,2,Lab,Chow,6/20/18,0,161,93,13.6,Female,,,
1,2,Lab,Chow,6/26/18,1,165,220.35,-11.07,Female,,,
1,2,Lab,Chow,7/3/18,2,198.3,,39.66,Female,,,
1,2,Lab,Chow,7/11/18,3,180.96,98.46,16.5,Female,,,
1,2,Lab,Chow,7/18/18,4,184.94,99,17.188,Female,before week 4 diet weight due to staff not reliable,,
1,2,Lab,Chow,7/25/18,5,179.8,270,-18.04,Female,caretaker just added more food,,
1,2,Lab,Chow,8/2/18,6,215,147.97,13.406,Female,,,
1,2,Lab,Chow,8/8/18,7,163,78,17,Female,,,
1,2,Lab,Chow,8/16/18,8,189,124,13,Female,,,
1,3,Lab,Chow,6/20/18,0,154,89,13,Female,,,
1,3,Lab,Chow,6/26/18,1,164,212.92,-9.784,Female,,,
1,3,Lab,Chow,7/3/18,2,187.57,,37.514,Female,,,
1,3,Lab,Chow,7/11/18,3,196.7,118.42,15.656,Female,,,
1,3,Lab,Chow,7/18/18,4,194.56,123,14.312,Female,,,
1,3,Lab,Chow,7/25/18,5,164.62,267,-20.476,Female,caretaker just added more food,,
1,3,Lab,Chow,8/2/18,6,217,153.27,12.746,Female,,,
1,3,Lab,Chow,8/8/18,7,233,144,17.8,Female,,,
1,3,Lab,Chow,8/16/18,8,195,149,9.2,Female,,,
1,1,Wildling,Fat,6/19/18,0,258.86,192.95,13.182,Female,,,
1,1,Wildling,Fat,6/25/18,1,183.32,106.02,15.46,Female,,,
1,1,Wildling,Fat,7/2/18,2,163.78,40.26,24.704,Female,,,
1,1,Wildling,Fat,7/12/18,3,186.27,94.7,18.314,Female,,,
1,1,Wildling,Fat,7/20/18,4,183.72,116.91,13.362,Female,,,
1,1,Wildling,Fat,7/26/18,5,171.74,87.73,16.802,Female,,,
1,1,Wildling,Fat,8/3/18,6,183.78,118.69,13.018,Female,,,
1,1,Wildling,Fat,8/9/18,7,177.09,100.62,15.294,Female,,,
1,1,Wildling,Fat,8/17/18,8,163.8,99.69,12.822,Female,,,
1,2,Wildling,Fat,6/19/18,0,273.91,171.55,20.472,Female,,,
1,2,Wildling,Fat,6/25/18,1,185.17,102.13,16.608,Female,,,
1,2,Wildling,Fat,7/2/18,2,155.32,44.51,22.162,Female,,,
1,2,Wildling,Fat,7/12/18,3,146.79,54.88,18.382,Female,,,
1,2,Wildling,Fat,7/20/18,4,157.31,101.35,11.192,Female,,,
1,2,Wildling,Fat,7/26/18,5,177.89,80.88,19.402,Female,,,
1,2,Wildling,Fat,8/3/18,6,171.5,100.08,14.284,Female,,,
1,2,Wildling,Fat,8/9/18,7,179.74,99.68,16.012,Female,,,
1,2,Wildling,Fat,8/17/18,8,165.06,89.61,15.09,Female,,,
1,3,Wildling,Fat,6/19/18,0,239.27,166.15,14.624,Female,,,
1,3,Wildling,Fat,6/25/18,1,186.68,113.55,14.626,Female,,,
1,3,Wildling,Fat,7/2/18,2,154.23,42.85,22.276,Female,,,
1,3,Wildling,Fat,7/12/18,3,147.87,67.55,16.064,Female,,,
1,3,Wildling,Fat,7/20/18,4,176.74,104.41,14.466,Female,,,
1,3,Wildling,Fat,7/26/18,5,174.03,85.31,17.744,Female,,,
1,3,Wildling,Fat,8/3/18,6,173.5,103.42,14.016,Female,,,
1,3,Wildling,Fat,8/9/18,7,178.85,104.45,14.88,Female,,,
1,3,Wildling,Fat,8/17/18,8,167.15,109.22,11.586,Female,,,
1,4,Wildling,Fat,6/19/18,0,258.37,155.41,20.592,Female,,,
1,4,Wildling,Fat,6/25/18,1,184.32,106.34,15.596,Female,,,
1,4,Wildling,Fat,7/2/18,2,152.44,64.51,17.586,Female,,,
1,4,Wildling,Fat,7/12/18,3,169.14,77.18,18.392,Female,,,
1,4,Wildling,Fat,7/20/18,4,169.16,115.41,10.75,Female,,,
1,4,Wildling,Fat,7/26/18,5,172.64,92.94,15.94,Female,,,
1,4,Wildling,Fat,8/3/18,6,186,117.59,13.682,Female,,,
1,4,Wildling,Fat,8/9/18,7,179.81,102.28,15.506,Female,,,
1,4,Wildling,Fat,8/17/18,8,164.67,95.54,13.826,Female,,,
1,1,Wildling,Chow,6/19/18,0,258.83,138.72,24.022,Female,,,
1,1,Wildling,Chow,6/25/18,1,185.89,80.27,21.124,Female,,,
1,1,Wildling,Chow,7/2/18,2,129.99,81.66,9.666,Female,,,
1,1,Wildling,Chow,7/12/18,3,176.54,51.2,25.068,Female,,,
1,1,Wildling,Chow,7/20/18,4,172.18,81.48,18.14,Female,,,
1,1,Wildling,Chow,7/26/18,5,176.39,57.05,23.868,Female,,,
1,1,Wildling,Chow,8/3/18,6,186.2,103.6,16.52,Female,,,
1,1,Wildling,Chow,8/9/18,7,175.3,45.24,26.012,Female,,,
1,1,Wildling,Chow,8/17/18,8,167.02,81.53,17.098,Female,,,
1,2,Wildling,Chow,6/19/18,0,255.94,160.93,19.002,Female,,,
1,2,Wildling,Chow,6/25/18,1,186.89,74.29,22.52,Female,,,
1,2,Wildling,Chow,7/2/18,2,130.1,78.6,10.3,Female,,,
1,2,Wildling,Chow,7/12/18,3,182.07,62.01,24.012,Female,,,
1,2,Wildling,Chow,7/20/18,4,183.8,90.1,18.74,Female,,,
1,2,Wildling,Chow,7/26/18,5,185.62,69.95,23.134,Female,,,
1,2,Wildling,Chow,8/3/18,6,182.68,84.09,19.718,Female,,,
1,2,Wildling,Chow,8/9/18,7,168.1,55.56,22.508,Female,,,
1,2,Wildling,Chow,8/17/18,8,167.2,,33.44,Female,,,
2,1,Lab,Fat,7/11/18,0,200.73,122.76,15.594,Female,,,
2,1,Lab,Fat,7/18/18,1,169,87,16.4,Female,,,
2,1,Lab,Fat,7/25/18,2,137,61,15.2,Female,,,
2,1,Lab,Fat,8/2/18,3,181.75,117.16,12.918,Female,,,
2,1,Lab,Fat,8/8/18,4,169,77,18.4,Female,,,
2,1,Lab,Fat,8/16/18,5,197,127,14,Female,,,
2,2,Lab,Fat,7/11/18,0,200.63,124.53,15.22,Female,,,
2,2,Lab,Fat,7/18/18,1,171,100,14.2,Female,,,
2,2,Lab,Fat,7/25/18,2,143,74,13.8,Female,,,
2,2,Lab,Fat,8/2/18,3,186.47,132.92,10.71,Female,,,
2,2,Lab,Fat,8/8/18,4,166,88,15.6,Female,,,
2,2,Lab,Fat,8/16/18,5,197,134,12.6,Female,,,
2,3,Lab,Fat,7/11/18,0,194.85,113.58,16.254,Female,,,
2,3,Lab,Fat,7/18/18,1,172,94,15.6,Female,,,
2,3,Lab,Fat,7/25/18,2,132,60,14.4,Female,,,
2,3,Lab,Fat,8/2/18,3,184.18,118.27,13.182,Female,,,
2,3,Lab,Fat,8/8/18,4,173,84,17.8,Female,,,
2,3,Lab,Fat,8/16/18,5,184,120,12.8,Female,,,
2,4,Lab,Fat,7/11/18,0,201.13,127.5,14.726,Female,,,
2,4,Lab,Fat,7/18/18,1,172,92,16,Female,,,
2,4,Lab,Fat,7/25/18,2,134,56,15.6,Female,,,
2,4,Lab,Fat,8/2/18,3,189.15,133.39,11.152,Female,,,
2,4,Lab,Fat,8/8/18,4,160,79,16.2,Female,,,
2,4,Lab,Fat,8/16/18,5,200,129,14.2,Female,,,
2,1,Lab,Chow,7/11/18,0,194.08,83.72,22.072,Female,,,
2,1,Lab,Chow,7/18/18,1,175.15,,35.03,Female,Food given by caretakes,,
2,1,Lab,Chow,7/25/18,2,,,0,Female,,,
2,1,Lab,Chow,8/2/18,3,173,153.81,3.838,Female,,,
2,1,Lab,Chow,8/8/18,4,208,104,20.8,Female,,,
2,1,Lab,Chow,8/16/18,5,238,158,16,Female,,,
2,2,Lab,Chow,7/11/18,0,180.03,69.4,22.126,Female,,,
2,2,Lab,Chow,7/18/18,1,185.41,,37.082,Female,Food given by caretakes,,
2,2,Lab,Chow,7/25/18,2,,,0,Female,,,
2,2,Lab,Chow,8/2/18,3,182,104.03,15.594,Female,,,
2,2,Lab,Chow,8/8/18,4,211,98,22.6,Female,,,
2,2,Lab,Chow,8/16/18,5,217,127,18,Female,,,
2,3,Lab,Chow,7/11/18,0,184.49,75.55,21.788,Female,,,
2,3,Lab,Chow,7/18/18,1,180.47,,36.094,Female,,,
2,3,Lab,Chow,7/25/18,2,,,0,Female,,,
2,3,Lab,Chow,8/2/18,3,182,109.17,14.566,Female,,,
2,3,Lab,Chow,8/8/18,4,219,132,17.4,Female,,,
2,3,Lab,Chow,8/16/18,5,216,239,-4.6,Female,,,
2,1,Wildling,Fat,7/12/18,0,187.17,114.69,14.496,Female,,,
2,1,Wildling,Fat,7/20/18,1,167.45,107.17,12.056,Female,,,
2,1,Wildling,Fat,7/26/18,2,181.24,103.7,15.508,Female,,,
2,1,Wildling,Fat,8/3/18,3,181.75,115.37,13.276,Female,,,
2,1,Wildling,Fat,8/9/18,4,156.38,73.63,16.55,Female,,,
2,1,Wildling,Fat,8/17/18,5,149.46,76.36,14.62,Female,,,
2,2,Wildling,Fat,7/12/18,0,181.67,75.02,21.33,Female,,,
2,2,Wildling,Fat,7/20/18,1,171.02,105.59,13.086,Female,,,
2,2,Wildling,Fat,7/26/18,2,171.67,85.7,17.194,Female,,,
2,2,Wildling,Fat,8/3/18,3,181.45,114.73,13.344,Female,,,
2,2,Wildling,Fat,8/9/18,4,180.24,71.81,21.686,Female,,,
2,2,Wildling,Fat,8/17/18,5,142.81,81.11,12.34,Female,,,
2,3,Wildling,Fat,7/12/18,0,189.42,96.3,18.624,Female,,,
2,3,Wildling,Fat,7/20/18,1,178.03,112.01,13.204,Female,,,
2,3,Wildling,Fat,7/26/18,2,181.97,108.24,14.746,Female,,,
2,3,Wildling,Fat,8/3/18,3,178.56,118.63,11.986,Female,,,
2,3,Wildling,Fat,8/9/18,4,184.13,106.36,15.554,Female,,,
2,3,Wildling,Fat,8/17/18,5,160.46,94.83,13.126,Female,,,
2,4,Wildling,Fat,7/12/18,0,186.94,94.7,18.448,Female,,,
2,4,Wildling,Fat,7/20/18,1,186.19,125.42,12.154,Female,,,
2,4,Wildling,Fat,7/26/18,2,177.19,82.64,18.91,Female,,,
2,4,Wildling,Fat,8/3/18,3,170.24,107.18,12.612,Female,,,
2,4,Wildling,Fat,8/9/18,4,176.37,91.64,16.946,Female,,,
2,4,Wildling,Fat,8/17/18,5,169.91,105.33,12.916,Female,,,
2,1,Wildling,Chow,7/12/18,0,177.52,41.08,27.288,Female,,,
2,1,Wildling,Chow,7/20/18,1,171.61,78.4,18.642,Female,,,
2,1,Wildling,Chow,7/26/18,2,174.62,64.67,21.99,Female,,,
2,1,Wildling,Chow,8/3/18,3,183.41,90.05,18.672,Female,,,
2,1,Wildling,Chow,8/9/18,4,183.45,70.63,22.564,Female,,,
2,1,Wildling,Chow,8/17/18,5,163.53,73.22,18.062,Female,,,
2,2,Wildling,Chow,7/12/18,0,184.02,57.33,25.338,Female,,,
2,2,Wildling,Chow,7/20/18,1,187,94.12,18.576,Female,,,
2,2,Wildling,Chow,7/26/18,2,178.14,57.34,24.16,Female,,,
2,2,Wildling,Chow,8/3/18,3,180.3,83.54,19.352,Female,,,
2,2,Wildling,Chow,8/9/18,4,170.83,48.18,24.53,Female,,,
2,2,Wildling,Chow,8/17/18,5,163.99,61.17,20.564,Female,,,
3,1,Wildling,Fat,8/17/18,1,153.2,71.5,16.34,Female,,,
3,2,Wildling,Fat,8/17/18,1,157.46,89.8,13.532,Female,,,
3,3,Wildling,Fat,8/17/18,1,161.95,101.48,12.094,Female,,,
3,4,Wildling,Fat,8/17/18,1,153.38,87.69,13.138,Female,,,
3,1,Wildling,Chow,8/17/18,1,175.91,82.4,18.702,Female,,,
3,2,Wildling,Chow,8/17/18,1,176.21,74.7,20.302,Female,,,
1,1,Lab,Fat,8/22/18,9,196,121,25,Female,,,
1,2,Lab,Fat,8/22/18,9,187,117,22,Female,,,
1,3,Lab,Fat,8/22/18,9,188,127,15.25,Female,"M1 was in cage E2 HF1 for one week, so the week previous to this measurment",,
1,1,Lab,Chow,8/22/18,9,225,140,28.33333333,Female,,,
1,2,Lab,Chow,8/22/18,9,233,146,29,Female,,,
1,3,Lab,Chow,8/22/18,9,235,,58.75,Female,,,
2,1,Lab,Fat,8/22/18,6,209,131,15.6,Female,,,
2,2,Lab,Fat,8/22/18,6,198,125,14.6,Female,,,
2,3,Lab,Fat,8/22/18,6,187,109,15.6,Female,,,
2,4,Lab,Fat,8/22/18,6,180,97,16.6,Female,,,
2,1,Lab,Chow,8/22/18,6,226,110,23.2,Female,,,
2,2,Lab,Chow,8/22/18,6,215,107,21.6,Female,,,
2,3,Lab,Chow,8/22/18,6,226,119,21.4,Female,,,
3,1,Lab,Fat,8/22/18,2,207,121,14.33333333,Female,,,
3,2,Lab,Fat,8/22/18,2,198,106,18.4,Female,,,
3,3,Lab,Fat,8/22/18,2,194,105,17.8,Female,,,
3,4,Lab,Fat,8/22/18,2,181,88,18.6,Female,,,
3,1,Lab,Chow,8/22/18,2,224,107,23.4,Female,,,
3,2,Lab,Chow,8/22/18,2,227,133,18.8,Female,,,
3,3,Lab,Chow,8/22/18,2,226,154,14.4,Female,,,
1,1,Wildling,Fat,8/23/18,9,155.65,64.43,30.40666667,Female,,,
1,2,Wildling,Fat,8/23/18,9,155.86,79.59,25.42333333,Female,,,
1,3,Wildling,Fat,8/23/18,9,144.6,60.4,21.05,Female,,,
1,4,Wildling,Fat,8/23/18,9,151.12,63.63,21.8725,Female,,,
1,1,Wildling,Chow,8/23/18,9,169.91,46.25,24.732,Female,,,
2,1,Wildling,Fat,8/23/18,6,145.81,64.62,13.89,Female,76.36,,
2,2,Wildling,Fat,8/23/18,6,131.56,4.21,10.09,Female,81.11,,
2,3,Wildling,Fat,8/23/18,6,145.92,76.7,10.218,Female,94.83,,
2,4,Wildling,Fat,8/23/18,6,150.5,63.54,9.034,Female,105.33,,
2,1,Wildling,Chow,8/23/18,6,162.94,47.83,17.944,Female,73.22,,
2,2,Wildling,Chow,8/23/18,6,183.4,52.24,24.446,Female,61.17,,
3,1,Wildling,Fat,8/23/18,2,135.07,25.56,12.714,Female,71.5,,
3,2,Wildling,Fat,8/23/18,2,150.53,65.34,12.146,Female,89.8,,
3,3,Wildling,Fat,8/23/18,2,149.62,71.83,9.628,Female,101.48,,
3,4,Wildling,Fat,8/23/18,2,140.14,59.31,10.49,Female,87.69,,
3,1,Wildling,Chow,8/23/18,2,166.29,56.72,16.778,Female,82.4,,
3,2,Wildling,Chow,8/23/18,2,161.35,38.72,17.33,Female,74.7,,
1,,Lab,Fat,8/24/18,0,86.48,63,23.48,Male,,,
1,,Lab,Fat,8/24/18,0,89.63,71,18.63,Male,,,
1,,Lab,Fat,8/24/18,0,92.53,73,19.53,Male,,,
1,,Lab,Fat,8/24/18,0,80,57,23,Male,,,
1,,Lab,Fat,8/24/18,0,85.3,64,21.3,Male,,,
1,,Lab,Fat,8/24/18,0,93.71,71,22.71,Male,,,
1,,Lab,Fat,8/24/18,0,,64,-64,Male,,,
1,,Lab,Fat,8/24/18,0,81.1,73,8.1,Male,,,
1,,Lab,Chow,8/24/18,0,92.08,74,18.08,Male,Caretaker just added more food,,
1,,Lab,Chow,8/24/18,0,84.13,109,-24.87,Male,Caretaker just added more food,,
1,,Lab,Chow,8/24/18,0,85.78,92,-6.22,Male,Caretaker just added more food,,
1,,Lab,Chow,8/24/18,0,94.34,93,1.34,Male,Caretaker just added more food,,
1,,Lab,Chow,8/24/18,0,89.83,140,-50.17,Male,Caretaker just added more food,,
1,,Lab,Chow,8/24/18,0,92.94,140,-47.06,Male,Caretaker just added more food,,
1,,Lab,Chow,8/24/18,0,88.07,92,-3.93,Male,Caretaker just added more food,,
1,1,Lab,Fat,8/30/18,,168,118,12.5,Female,,,
1,2,Lab,Fat,8/30/18,,189,128,15.25,Female,,,
1,1,Lab,Chow,8/30/18,,236,195,20.5,Female,,,
1,2,Lab,Chow,8/30/18,,221,158,15.75,Female,,,
2,1,Lab,Fat,8/30/18,,191,118,14.6,Female,,,
2,2,Lab,Fat,8/30/18,,188,128,12,Female,,,
2,3,Lab,Fat,8/30/18,,188,113,15,Female,,,
2,4,Lab,Fat,8/30/18,,173,100,14.6,Female,,,
2,1,Lab,Chow,8/30/18,,238,145,18.6,Female,,,
2,2,Lab,Chow,8/30/18,,217,130,17.4,Female,,,
2,3,Lab,Chow,8/30/18,,226,124,20.4,Female,,,
3,1,Lab,Fat,8/30/18,,182,106,15.2,Female,,,
3,2,Lab,Fat,8/30/18,,171,90,16.2,Female,,,
3,3,Lab,Fat,8/30/18,,185,107,15.6,Female,,,
3,4,Lab,Fat,8/30/18,,204,123,16.2,Female,,,
3,1,Lab,Chow,8/30/18,,229,141,17.6,Female,,,
3,2,Lab,Chow,8/30/18,,231,142,17.8,Female,,,
3,3,Lab,Chow,8/30/18,,230,139,18.2,Female,,,
1,1,Wildling,Fat,8/31/18,,156.67,104.48,17.39666667,Female,,,
1,2,Wildling,Fat,8/31/18,,167.29,112.52,18.25666667,Female,,,
1,3,Wildling,Fat,8/31/18,,138.14,61.51,19.1575,Female,,,
1,4,Wildling,Fat,8/31/18,,156.56,119.08,9.37,Female,,,
1,1,Wildling,Chow,8/31/18,,183.63,78.99,20.928,Female,,,
2,1,Wildling,Fat,8/31/18,,139.18,58.77,16.082,Female,,,
2,2,Wildling,Fat,8/31/18,,166.81,93.16,14.73,Female,,,
2,3,Wildling,Fat,8/31/18,,172.45,99.44,14.602,Female,,,
2,4,Wildling,Fat,8/31/18,,157.99,80.92,15.414,Female,,,
2,1,Wildling,Chow,8/31/18,,173.3,90.31,16.598,Female,,,
2,2,Wildling,Chow,8/31/18,,182.91,61.36,24.31,Female,,,
3,1,Wildling,Fat,8/31/18,,162.22,81.15,16.214,Female,,,
3,2,Wildling,Fat,8/31/18,,152.08,83.25,13.766,Female,,,
3,3,Wildling,Fat,8/31/18,,157.36,87.29,14.014,Female,,,
3,4,Wildling,Fat,8/31/18,,170.52,110.15,12.074,Female,,,
3,1,Wildling,Chow,8/31/18,,181.87,85.2,19.334,Female,,,
3,2,Wildling,Chow,8/31/18,,181.76,72.8,21.792,Female,,,
1,1,Lab,Fat,9/6/18,,154,107,11.75,Female,,,
1,2,Lab,Fat,9/6/18,,188,141,11.75,Female,,,
1,1,Lab,Chow,9/6/18,,225,186,19.5,Female,,,
1,2,Lab,Chow,9/6/18,,215,154,15.25,Female,,,
2,1,Lab,Fat,9/6/18,,175,107,13.6,Female,,,
2,2,Lab,Fat,9/6/18,,180,132,9.6,Female,,,
2,3,Lab,Fat,9/6/18,,185,122,12.6,Female,,,
2,4,Lab,Fat,9/6/18,,185,125,12,Female,,,
2,1,Lab,Chow,9/6/18,,225,158,13.4,Female,,,
2,2,Lab,Chow,9/6/18,,235,171,12.8,Female,,,
2,3,Lab,Chow,9/6/18,,215,128,17.4,Female,,,
3,1,Lab,Fat,9/6/18,,191,132,11.8,Female,,,
3,2,Lab,Fat,9/6/18,,186,120,13.2,Female,,,
3,3,Lab,Fat,9/6/18,,180,118,12.4,Female,,,
3,4,Lab,Fat,9/6/18,,189,125,12.8,Female,,,
3,1,Lab,Chow,9/6/18,,237,161,15.2,Female,,,
3,2,Lab,Chow,9/6/18,,222,140,16.4,Female,,,
3,3,Lab,Chow,9/6/18,,241,158,16.6,Female,,,
1,1,Wildling,Fat,9/7/18,,93.13,51.43,13.9,Female,,,
1,2,Wildling,Fat,9/7/18,,94.25,51.51,14.24666667,Female,,,
1,3,Wildling,Fat,9/7/18,,132.17,83.82,12.0875,Female,,,
1,4,Wildling,Fat,9/7/18,,120.8,68.75,13.0125,Female,,,
1,1,Wildling,Chow,9/7/18,,163.5,70.59,18.582,Female,,,
2,1,Wildling,Fat,9/7/18,,147.18,84.26,12.584,Female,,,
2,2,Wildling,Fat,9/7/18,,135.42,83.96,10.292,Female,,,
2,3,Wildling,Fat,9/7/18,,139.09,75.32,12.754,Female,,,
2,4,Wildling,Fat,9/7/18,,154.96,99.99,10.994,Female,,,
2,1,Wildling,Chow,9/7/18,,154.85,44.47,22.076,Female,,,
2,2,Wildling,Chow,9/7/18,,170.07,69.62,20.09,Female,,,
3,1,Wildling,Fat,9/7/18,,143.91,83.17,12.148,Female,,,
3,2,Wildling,Fat,9/7/18,,133.06,73.76,11.86,Female,,,
3,3,Wildling,Fat,9/7/18,,134.57,73.31,12.252,Female,,,
3,4,Wildling,Fat,9/7/18,,168.21,107.28,12.186,Female,,,
3,1,Wildling,Chow,9/7/18,,175.98,86.98,17.8,Female,,,
3,2,Wildling,Chow,9/7/18,,177.71,80.15,19.512,Female,,,
1,1,Lab,Fat,9/12/18,,128,56.3,17.925,Female,,,
1,2,Lab,Fat,9/12/18,,120,58.07,15.4825,Female,,,
1,1,Lab,Chow,9/12/18,,130,77.59,26.205,Female,,,
1,2,Lab,Chow,9/12/18,,185,95.95,22.2625,Female,,,
2,1,Lab,Fat,9/12/18,,161,80.61,32.2,Female,,,
2,2,Lab,Fat,9/12/18,,158,40.81,31.6,Female,,,
2,3,Lab,Fat,9/12/18,,156,73.22,31.2,Female,,,
2,4,Lab,Fat,9/12/18,,161,75.77,32.2,Female,,,
2,1,Lab,Chow,9/12/18,,223,111.43,44.6,Female,,,
2,2,Lab,Chow,9/12/18,,236,132.22,47.2,Female,,,
2,3,Lab,Chow,9/12/18,,227,106.18,24.164,Female,,,
3,1,Lab,Fat,9/12/18,,156,68.52,17.496,Female,,,
3,2,Lab,Fat,9/12/18,,157,20.7,27.26,Female,,,
3,3,Lab,Fat,9/12/18,,161,74.63,17.274,Female,,,
3,4,Lab,Fat,9/12/18,,154,62.91,18.218,Female,,,
3,1,Lab,Chow,9/12/18,,222,118.01,20.798,Female,,,
3,2,Lab,Chow,9/12/18,,217,96.53,24.094,Female,,,
3,3,Lab,Chow,9/12/18,,229,118.12,22.176,Female,,,
1,1,Wildling,Fat,9/13/18,,136.2,68.72,22.49333333,Female,,,
1,2,Wildling,Fat,9/13/18,,122.08,62.84,19.74666667,Female,,,
1,3,Wildling,Fat,9/13/18,,141.71,56.98,21.1825,Female,,,
1,4,Wildling,Fat,9/13/18,,124.65,38.84,21.4525,Female,,,
1,1,Wildling,Chow,9/13/18,,165.68,48.14,23.508,Female,,,
2,1,Wildling,Fat,9/13/18,,141.42,94.54,9.376,Female,,,
2,2,Wildling,Fat,9/13/18,,147.99,106.74,8.25,Female,,,
2,3,Wildling,Fat,9/13/18,,142.47,96.24,9.246,Female,,,
2,4,Wildling,Fat,9/13/18,,140.32,101.42,7.78,Female,,,
2,1,Wildling,Chow,9/13/18,,152.41,96,11.282,Female,,,
2,2,Wildling,Chow,9/13/18,,175.17,97.45,15.544,Female,,,
2,1,Wildling,Fat,9/17/18,,94.54,66.69,9.283333333,Female,,,
2,2,Wildling,Fat,9/17/18,,106.74,78.88,9.286666667,Female,,,
2,3,Wildling,Fat,9/17/18,,96.24,62.67,11.19,Female,,,
2,4,Wildling,Fat,9/17/18,,101.42,69.88,10.51333333,Female,,,
2,1,Wildling,Chow,9/17/18,,96,69.19,13.405,Female,,,
2,2,Wildling,Chow,9/17/18,,97.45,46.74,16.90333333,Female,,,
3,1,Wildling,Fat,9/13/18,,172.86,28.16,28.94,Female,,,
3,2,Wildling,Fat,9/13/18,,146.37,65.56,16.162,Female,,,
3,3,Wildling,Fat,9/13/18,,139.46,52.44,17.404,Female,,,
3,4,Wildling,Fat,9/13/18,,144.54,85.44,11.82,Female,,,
3,1,Wildling,Chow,9/13/18,,148.19,34.69,22.7,Female,,,
3,2,Wildling,Chow,9/13/18,,164.81,27.97,27.368,Female,,,
1,1,Lab,Fat,8/30/18,1,90,x,#VALUE!,Male,,,
1,2,Lab,Fat,8/30/18,1,101,x,#VALUE!,Male,,,
1,3,Lab,Fat,8/30/18,1,88,x,#VALUE!,Male,,,
1,4,Lab,Fat,8/30/18,1,95,x,#VALUE!,Male,,,
1,5,Lab,Fat,8/30/18,1,100,x,#VALUE!,Male,,,
1,6,Lab,Fat,8/30/18,1,100,x,#VALUE!,Male,,,
1,7,Lab,Fat,8/30/18,1,95,x,#VALUE!,Male,,,
1,8,Lab,Fat,8/30/18,1,88,x,#VALUE!,Male,,,
1,1,Lab,Chow,8/30/18,1,95,x,#VALUE!,Male,,,
1,2,Lab,Chow,8/30/18,1,94,x,#VALUE!,Male,,,
1,3,Lab,Chow,8/30/18,1,96,x,#VALUE!,Male,,,
1,4,Lab,Chow,8/30/18,1,100,x,#VALUE!,Male,,,
1,5,Lab,Chow,8/30/18,1,107,x,#VALUE!,Male,,,
1,6,Lab,Chow,8/30/18,1,97,x,#VALUE!,Male,,,
1,7,Lab,Chow,8/30/18,1,92,x,#VALUE!,Male,,,
1,1,Lab,Fat,9/6/18,2,68,52,16,Male,,,
1,2,Lab,Fat,9/6/18,2,64,46,18,Male,,,
1,3,Lab,Fat,9/6/18,2,68,50,18,Male,,,
1,4,Lab,Fat,9/6/18,2,71,53,18,Male,,,
1,5,Lab,Fat,9/6/18,2,61,38,23,Male,,,
1,6,Lab,Fat,9/6/18,2,64,42,22,Male,,,
1,7,Lab,Fat,9/6/18,2,71,54,17,Male,,,
1,8,Lab,Fat,9/6/18,2,69,54,15,Male,,,
1,1,Lab,Chow,9/6/18,2,85,62,23,Male,,,
1,2,Lab,Chow,9/6/18,2,93,70,23,Male,,,
1,3,Lab,Chow,9/6/18,2,93,69,24,Male,,,
1,4,Lab,Chow,9/6/18,2,88,70,18,Male,,,
1,5,Lab,Chow,9/6/18,2,88,62,26,Male,,,
1,6,Lab,Chow,9/6/18,2,90,68,22,Male,,,
1,7,Lab,Chow,9/6/18,2,96,75,21,Male,,,
1,1,Lab,Fat,9/12/18,3,99,73.38,25.62,Male,,,
1,2,Lab,Fat,9/12/18,3,106,83.72,22.28,Male,,,
1,3,Lab,Fat,9/12/18,3,105,80.57,24.43,Male,,,
1,4,Lab,Fat,9/12/18,3,115,88.53,26.47,Male,,,
1,5,Lab,Fat,9/12/18,3,105,76.43,28.57,Male,,,
1,6,Lab,Fat,9/12/18,3,106,76.56,29.44,Male,,,
1,7,Lab,Fat,9/12/18,3,106,79.99,26.01,Male,,,
1,8,Lab,Fat,9/12/18,3,105,82.5,22.5,Male,,,
1,1,Lab,Chow,9/12/18,3,102,73.25,28.75,Male,,,
1,2,Lab,Chow,9/12/18,3,105,75.01,29.99,Male,,,
1,3,Lab,Chow,9/12/18,3,99,70.23,28.77,Male,,,
1,4,Lab,Chow,9/12/18,3,104,76.52,27.48,Male,,,
1,5,Lab,Chow,9/12/18,3,104,69.46,34.54,Male,,,
1,6,Lab,Chow,9/12/18,3,104,74.49,29.51,Male,,,
1,7,Lab,Chow,9/12/18,3,104,73.32,30.68,Male,,,
1,1,Wild,Fat,9/7/18,0,93.35,75.42,17.93,Male,,,
1,2,Wild,Fat,9/7/18,0,85.62,66.21,19.41,Male,,,
1,3,Wild,Fat,9/7/18,0,93.4,74,19.4,Male,,,
1,4,Wild,Fat,9/7/18,0,92.85,74.84,18.01,Male,,,
1,5,Wild,Fat,9/7/18,0,89.4,70.8,18.6,Male,,,
1,6,Wild,Fat,9/7/18,0,89.21,73.34,15.87,Male,,,
1,7,Wild,Fat,9/7/18,0,89.23,68.86,20.37,Male,,,
1,8,Wild,Fat,9/7/18,0,93.81,75.74,18.07,Male,,,
1,1,Wild,Chow,9/7/18,0,80.33,53.87,26.46,Male,,,
1,2,Wild,Chow,9/7/18,0,83.19,58.02,25.17,Male,,,
1,3,Wild,Chow,9/7/18,0,82.59,57.74,24.85,Male,,,
1,4,Wild,Chow,9/7/18,0,90.32,64.88,25.44,Male,,,
1,5,Wild,Chow,9/7/18,0,87.26,64.11,23.15,Male,,,
1,6,Wild,Chow,9/7/18,0,86.12,58.93,27.19,Male,,,
1,7,Wild,Chow,9/7/18,0,79.35,55.67,23.68,Male,,,
1,1,Wild,Fat,9/13/18,0,90.01,68.7,21.31,Male,,,
1,2,Wild,Fat,9/13/18,0,87.24,61.07,26.17,Male,,,
1,3,Wild,Fat,9/13/18,0,81.72,58.01,23.71,Male,,,
1,4,Wild,Fat,9/13/18,0,83.49,62.83,20.66,Male,,,
1,5,Wild,Fat,9/13/18,0,91.11,69.08,22.03,Male,,,
1,6,Wild,Fat,9/13/18,0,77.74,49.05,28.69,Male,,,
1,7,Wild,Fat,9/13/18,0,71.36,55.81,15.55,Male,,,
1,8,Wild,Fat,9/13/18,0,77.19,52.47,24.72,Male,,,
1,1,Wild,Chow,9/13/18,0,85.82,51.74,34.08,Male,,,
1,2,Wild,Chow,9/13/18,0,90.21,58.26,31.95,Male,,,
1,3,Wild,Chow,9/13/18,0,94.71,63.32,31.39,Male,,,
1,4,Wild,Chow,9/13/18,0,86.25,55.07,31.18,Male,,,
1,5,Wild,Chow,9/13/18,0,82.53,50.01,32.52,Male,,,
1,6,Wild,Chow,9/13/18,0,95.54,63.74,31.8,Male,,,
1,7,Wild,Chow,9/13/18,0,89.91,61.11,28.8,Male,,,
1,1,Lab,Fat,9/20/18,,201.1,140.76,15.085,Female,,,
1,2,Lab,Fat,9/20/18,,233.89,174.52,14.8425,Female,,,
1,1,Lab,Chow,9/20/18,,143.32,102.18,20.57,Female,,,
1,2,Lab,Chow,9/20/18,,223.46,145.42,19.51,Female,,,
2,1,Lab,Fat,9/20/18,,268.28,226.28,10.5,Female,,,
2,3,Lab,Fat,9/20/18,,225.66,154.97,14.138,Female,,,
2,4,Lab,Fat,9/20/18,,266.88,201.18,13.14,Female,,,
2,1,Lab,Chow,9/20/18,,215.93,131.95,16.796,Female,,,
2,3,Lab,Chow,9/20/18,,222.93,144.85,19.52,Female,,,
3,1,Lab,Fat,9/20/18,,226.45,146.32,16.026,Female,,,
3,2,Lab,Fat,9/20/18,,235.41,162.21,14.64,Female,,,
3,3,Lab,Fat,9/20/18,,225.52,148.66,15.372,Female,,,
3,4,Lab,Fat,9/20/18,,246.18,169.52,15.332,Female,,,
3,1,Lab,Chow,9/20/18,,223.19,130.69,18.5,Female,,,
3,2,Lab,Chow,9/20/18,,236.22,138.67,19.51,Female,,,
3,3,Lab,Chow,9/20/18,,204.29,106.74,19.51,Female,,,
1,1,Wildling,Fat,9/21/18,,136.16,84.96,17.06666667,Female,,,
1,2,Wildling,Fat,9/21/18,,145.73,96.66,16.35666667,Female,,,
1,3,Wildling,Fat,9/21/18,,151.13,72.97,19.54,Female,,,
1,4,Wildling,Fat,9/21/18,,135.48,99.13,18.175,Female,,,
1,1,Wildling,Chow,9/21/18,,169.91,62.62,21.458,Female,,,
2,1,Wildling,Fat,9/21/18,,179.57,122.67,14.225,Female,,,
2,3,Wildling,Fat,9/21/18,,171.3,106.14,13.032,Female,,,
2,4,Wildling,Fat,9/21/18,,170.4,90.57,15.966,Female,,,
2,1,Wildling,Chow,9/21/18,,196.06,68.31,25.55,Female,,,
3,1,Wildling,Fat,9/21/18,,152.91,71.96,16.19,Female,,,
3,2,Wildling,Fat,9/21/18,,,86.17,-17.234,Female,,,
3,3,Wildling,Fat,9/21/18,,159.84,78.32,16.304,Female,,,
3,4,Wildling,Fat,9/21/18,,156.21,86.4,13.962,Female,,,
3,1,Wildling,Chow,9/21/18,,180.09,72.45,21.528,Female,,,
3,2,Wildling,Chow,9/21/18,,160.22,39.12,24.22,Female,,,
1,1,Lab,Fat,9/20/18,,129.59,108.84,20.75,Male,,,
1,2,Lab,Fat,9/20/18,,129.83,111.93,17.9,Male,,,
1,3,Lab,Fat,9/20/18,,124.73,106.43,18.3,Male,,,
1,4,Lab,Fat,9/20/18,,113.05,95.32,17.73,Male,,,
1,5,Lab,Fat,9/20/18,,135.67,114.64,21.03,Male,,,
1,6,Lab,Fat,9/20/18,,108.47,88.15,20.32,Male,,,
1,7,Lab,Fat,9/20/18,,111.24,90.88,20.36,Male,,,
1,8,Lab,Fat,9/20/18,,124.3,107.96,16.34,Male,,,
1,1,Lab,Chow,9/20/18,,111.11,85.51,25.6,Male,,,
1,2,Lab,Chow,9/20/18,,101.89,77.97,23.92,Male,,,
1,3,Lab,Chow,9/20/18,,103.21,77.52,25.69,Male,,,
1,4,Lab,Chow,9/20/18,,99.81,77.22,22.59,Male,,,
1,5,Lab,Chow,9/20/18,,103.93,74.69,29.24,Male,,,
1,6,Lab,Chow,9/20/18,,97.72,72.9,24.82,Male,,,
1,7,Lab,Chow,9/20/18,,119.94,95.4,24.54,Male,,,
1,1,Wild,Fat,9/21/18,,76.21,57.72,18.49,Male,,,
1,2,Wild,Fat,9/21/18,,87.5,65.05,22.45,Male,,,
1,3,Wild,Fat,9/21/18,,94.72,72.58,22.14,Male,,,
1,4,Wild,Fat,9/21/18,,84.34,63.97,20.37,Male,,,
1,5,Wild,Fat,9/21/18,,85.06,71.06,14,Male,,,
1,6,Wild,Fat,9/21/18,,89.6,67.37,22.23,Male,,,
1,7,Wild,Fat,9/21/18,,79.61,61.39,18.22,Male,,,
1,8,Wild,Fat,9/21/18,,95.3,62.91,32.39,Male,,,
1,1,Wild,Chow,9/21/18,,91.74,59.41,32.33,Male,,,
1,2,Wild,Chow,9/21/18,,90.7,65.43,25.27,Male,,,
1,3,Wild,Chow,9/21/18,,91.14,64.82,26.32,Male,,,
1,4,Wild,Chow,9/21/18,,82.01,54.18,27.83,Male,,,
1,5,Wild,Chow,9/21/18,,91.81,64.89,26.92,Male,,,
1,6,Wild,Chow,9/21/18,,93.43,62.08,31.35,Male,,,
1,7,Wild,Chow,9/21/18,,90.43,63.96,26.47,Male,,,
1,1,Lab,Fat,9/26/18,,281.34,220.4,15.235,Female,,,
1,2,Lab,Fat,9/26/18,,292.89,225.72,16.7925,Female,,,
1,1,Lab,Chow,9/26/18,,230.6,186.28,22.16,Female,,,
1,2,Lab,Chow,9/26/18,,218.36,151.01,16.8375,Female,,,
2,1,Lab,Fat,9/26/18,,285.11,225.15,14.99,Female,,,
2,3,Lab,Fat,9/26/18,,233.48,170.02,12.692,Female,,,
2,4,Lab,Fat,9/26/18,,264.09,202.86,12.246,Female,,,
2,1,Lab,Chow,9/26/18,,262.09,183.28,15.762,Female,,,
2,3,Lab,Chow,9/26/18,,236.32,146.43,22.4725,Female,,,
3,1,Lab,Fat,9/26/18,,244.69,159.48,17.042,Female,,,
3,2,Lab,Fat,9/26/18,,276.9,198.51,15.678,Female,,,
3,3,Lab,Fat,9/26/18,,252.15,175.15,15.4,Female,,,
3,4,Lab,Fat,9/26/18,,272.82,195.48,15.468,Female,,,
3,1,Lab,Chow,9/26/18,,295.61,196.21,19.88,Female,,,
3,2,Lab,Chow,9/26/18,,246.08,147.37,19.742,Female,,,
3,3,Lab,Chow,9/26/18,,221.69,120.14,20.31,Female,,,
1,1,Wildling,Fat,9/27/18,,160.4,101.35,19.68333333,Female,,,
1,2,Wildling,Fat,9/27/18,,152.12,93.3,19.60666667,Female,,,
1,3,Wildling,Fat,9/27/18,,149.85,79.44,17.6025,Female,,,
1,4,Wildling,Fat,9/27/18,,151.38,108.64,14.24666667,Female,,,
1,5,Wildling,Fat,9/27/18,,90.36,66.66,23.7,Female,,,
1,1,Wildling,Chow,9/27/18,,141.03,20.81,24.044,Female,,,
2,1,Wildling,Fat,9/27/18,,136.43,70.51,16.48,Female,,,
2,3,Wildling,Fat,9/27/18,,143.66,83.39,12.054,Female,,,
2,4,Wildling,Fat,9/27/18,,142.51,56.29,17.244,Female,,,
2,1,Wildling,Chow,9/27/18,,134.1,12.21,24.378,Female,,,
3,1,Wildling,Fat,9/27/18,,147.89,56.35,18.308,Female,,,
3,2,Wildling,Fat,9/27/18,,142.59,67.31,15.056,Female,,,
3,3,Wildling,Fat,9/27/18,,160.44,53.25,21.438,Female,,,
3,4,Wildling,Fat,9/27/18,,171.78,88.35,16.686,Female,,,
3,1,Wildling,Chow,9/27/18,,138.08,27.98,22.02,Female,,,
3,2,Wildling,Chow,9/27/18,,143.7,22.11,24.318,Female,,,
1,1,Lab,Fat,9/26/18,,115.15,94.12,21.03,Male,,,
1,2,Lab,Fat,9/26/18,,104.28,84.17,20.11,Male,,,
1,3,Lab,Fat,9/26/18,,129.56,106.63,22.93,Male,,,
1,4,Lab,Fat,9/26/18,,122.64,101.68,20.96,Male,,,
1,5,Lab,Fat,9/26/18,,124.64,99.86,24.78,Male,,,
1,6,Lab,Fat,9/26/18,,134.49,112.96,21.53,Male,,,
1,7,Lab,Fat,9/26/18,,122.27,102.12,20.15,Male,,,
1,8,Lab,Fat,9/26/18,,147.35,129.26,18.09,Male,,,
1,1,Lab,Chow,9/26/18,,105.04,77.77,27.27,Male,,,
1,2,Lab,Chow,9/26/18,,132.51,107.38,25.13,Male,,,
1,3,Lab,Chow,9/26/18,,128.87,103.14,25.73,Male,,,
1,4,Lab,Chow,9/26/18,,125.6,105.76,19.84,Male,,,
1,5,Lab,Chow,9/26/18,,127.47,98.82,28.65,Male,,,
1,6,Lab,Chow,9/26/18,,128.04,100.58,27.46,Male,,,
1,7,Lab,Chow,9/26/18,,132.31,107.01,25.3,Male,,,
1,1,Wild,Fat,9/27/18,,95.17,76.95,18.22,Male,,,
1,2,Wild,Fat,9/27/18,,94.61,71.56,23.05,Male,,,
1,3,Wild,Fat,9/27/18,,90.53,68.08,22.45,Male,,,
1,4,Wild,Fat,9/27/18,,94.81,74.8,20.01,Male,,,
1,5,Wild,Fat,9/27/18,,94.73,72.82,21.91,Male,,,
1,6,Wild,Fat,9/27/18,,92.72,70.12,22.6,Male,,,
1,7,Wild,Fat,9/27/18,,93.18,73.69,19.49,Male,,,
1,8,Wild,Fat,9/27/18,,92.8,68.33,24.47,Male,,,
1,1,Wild,Chow,9/27/18,,93.82,62,31.82,Male,,,
1,2,Wild,Chow,9/27/18,,95.66,69.11,26.55,Male,,,
1,3,Wild,Chow,9/27/18,,93.43,66.1,27.33,Male,,,
1,4,Wild,Chow,9/27/18,,93.97,65.87,28.1,Male,,,
1,5,Wild,Chow,9/27/18,,94.22,69.47,24.75,Male,,,
1,6,Wild,Chow,9/27/18,,93.86,64.57,29.29,Male,,,
1,7,Wild,Chow,9/27/18,,92.21,63.64,28.57,Male,,,
1,1,Lab,Fat,10/4/18,,271.07,205.74,16.3325,Female,,,
1,2,Lab,Fat,10/4/18,,290.79,229.37,15.355,Female,,,
1,1,Lab,Chow,10/4/18,,198.08,152.81,22.635,Female,,,
1,2,Lab,Chow,10/4/18,,236.29,159.85,19.11,Female,,,
2,1,Lab,Fat,10/4/18,,251.14,176.91,18.5575,Female,,,
2,3,Lab,Fat,10/4/18,,252.83,171.97,16.172,Female,,,
2,4,Lab,Fat,10/4/18,,257.48,188.15,13.866,Female,,,
2,1,Lab,Chow,10/4/18,,227.96,145.31,16.53,Female,,,
2,3,Lab,Chow,10/4/18,,242.21,159.88,20.5825,Female,,,
3,1,Lab,Fat,10/4/18,,237.19,155.92,16.254,Female,,,
3,2,Lab,Fat,10/4/18,,264.12,181.55,16.514,Female,,,
3,3,Lab,Fat,10/4/18,,250.62,173.48,15.428,Female,,,
3,4,Lab,Fat,10/4/18,,249.26,176.36,14.58,Female,,,
3,1,Lab,Chow,10/4/18,,243.88,152.17,18.342,Female,,,
3,2,Lab,Chow,10/4/18,,223.71,115.68,21.606,Female,,,
3,3,Lab,Chow,10/4/18,,230.67,142.45,17.644,Female,,,
1,1,Wildling,Fat,10/5/18,,129.34,83.13,15.40333333,Female,,,
1,2,Wildling,Fat,10/5/18,,132.31,90,14.10333333,Female,,,
1,3,Wildling,Fat,10/5/18,,122.67,80.44,10.5575,Female,,,
1,4,Wildling,Fat,10/5/18,,175.3,131.53,10.9425,Female,,,
1,1,Wildling,Chow,10/5/18,,114.61,102.9,2.342,Female,,,
2,1,Wildling,Fat,10/5/18,,160.52,109.67,12.7125,Female,,,
2,3,Wildling,Fat,10/5/18,,131.64,85.88,9.152,Female,,,
2,4,Wildling,Fat,10/5/18,,147.44,90.21,11.446,Female,,,
2,1,Wildling,Chow,10/5/18,,184.55,85.1,19.89,Female,,,
3,1,Wildling,Fat,10/5/18,,119.39,49.59,13.96,Female,,,
3,2,Wildling,Fat,10/5/18,,118.44,52.13,13.262,Female,,,
3,3,Wildling,Fat,10/5/18,,129.21,65.86,12.67,Female,,,
3,4,Wildling,Fat,10/5/18,,157,93.23,12.754,Female,,,
3,1,Wildling,Chow,10/5/18,,174.29,98.71,15.116,Female,,,
3,2,Wildling,Chow,10/5/18,,178.65,93.23,17.084,Female,,,
1,1,Lab,Fat,10/4/18,,109.16,90.48,18.68,Male,,,
1,2,Lab,Fat,10/4/18,,117.43,98.42,19.01,Male,,,
1,3,Lab,Fat,10/4/18,,124.3,104.54,19.76,Male,,,
1,4,Lab,Fat,10/4/18,,115.78,96.44,19.34,Male,,,
1,5,Lab,Fat,10/4/18,,115.16,92.02,23.14,Male,,,
1,6,Lab,Fat,10/4/18,,115.87,98.12,17.75,Male,,,
1,7,Lab,Fat,10/4/18,,125.56,105.26,20.3,Male,,,
1,8,Lab,Fat,10/4/18,,120.28,99.94,20.34,Male,,,
1,1,Lab,Chow,10/4/18,,138.28,112.1,26.18,Male,,,
1,2,Lab,Chow,10/4/18,,113.63,87.59,26.04,Male,,,
1,3,Lab,Chow,10/4/18,,124.23,98.49,25.74,Male,,,
1,4,Lab,Chow,10/4/18,,129.97,110.09,19.88,Male,,,
1,5,Lab,Chow,10/4/18,,135.22,106.47,28.75,Male,,,
1,6,Lab,Chow,10/4/18,,120.3,94.2,26.1,Male,,,
1,7,Lab,Chow,10/4/18,,133.98,109.35,24.63,Male,,,
1,1,Wild,Fat,10/5/18,,,63.31,-63.31,Male,,,
1,2,Wild,Fat,10/5/18,,,58.17,-58.17,Male,,,
1,3,Wild,Fat,10/5/18,,,54.19,-54.19,Male,,,
1,4,Wild,Fat,10/5/18,,,65.4,-65.4,Male,,,
1,5,Wild,Fat,10/5/18,,,59.86,-59.86,Male,,,
1,6,Wild,Fat,10/5/18,,,54.26,-54.26,Male,,,
1,7,Wild,Fat,10/5/18,,,62,-62,Male,,,
1,8,Wild,Fat,10/5/18,,,55.58,-55.58,Male,,,
1,1,Wild,Chow,10/5/18,,89.35,65.29,24.06,Male,,,
1,2,Wild,Chow,10/5/18,,93.23,73.33,19.9,Male,221.97,,
1,3,Wild,Chow,10/5/18,,93.67,72.86,20.81,Male,181.64,,
1,4,Wild,Chow,10/5/18,,91.5,66.11,25.39,Male,187.74,,
1,5,Wild,Chow,10/5/18,,94.79,76.5,18.29,Male,158.75,,
1,6,Wild,Chow,10/5/18,,92.73,70.74,21.99,Male,171.98,,
1,7,Wild,Chow,10/5/18,,91.59,70.43,21.16,Male,,,
1,1,Lab,Fat,10/11/18,,285.36,228.13,14.3075,Female,,,
1,2,Lab,Fat,10/11/18,,287.96,233.87,13.5225,Female,,,
1,1,Lab,Chow,10/11/18,,157.03,114.23,21.4,Female,,,
1,2,Lab,Chow,10/11/18,,253.3,178.18,18.78,Female,,,
2,1,Lab,Fat,10/11/18,,262.38,185.77,19.1525,Female,,,
2,3,Lab,Fat,10/11/18,,284.64,206.43,15.642,Female,,,
2,4,Lab,Fat,10/11/18,,233.74,163.64,14.02,Female,,,
2,1,Lab,Chow,10/11/18,,265.59,177.43,17.632,Female,,,
2,3,Lab,Chow,10/11/18,,256.26,176.72,19.885,Female,,,
3,2,Lab,Fat,10/11/18,,289.14,221.97,26.875,Female,,,
3,3,Lab,Fat,10/11/18,,249.34,181.64,12.32,Female,,,
3,4,Lab,Fat,10/11/18,,258.19,187.74,19.888,Female,,,
3,2,Lab,Chow,10/11/18,,249.09,158.75,18.068,Female,,,
3,3,Lab,Chow,10/11/18,,264.71,171.98,23.1825,Female,,,
1,1,Wildling,Fat,10/10/18,,149.69,75.92,24.59,Female,,,
1,2,Wildling,Fat,10/10/18,,139.3,70.98,22.77333333,Female,,,
1,3,Wildling,Fat,10/10/18,,161.98,80.66,20.33,Female,,,
1,4,Wildling,Fat,10/10/18,,169.04,61.48,26.89,Female,,,
1,1,Wildling,Chow,10/10/18,,164.72,24.74,27.996,Female,,,
2,1,Wildling,Fat,10/10/18,,153.94,51.33,25.6525,Female,,,
2,3,Wildling,Fat,10/10/18,,172.58,78.21,18.874,Female,,,
2,4,Wildling,Fat,10/10/18,,182.97,88.89,18.816,Female,,,
2,1,Wildling,Chow,10/10/18,,179.02,20.71,31.662,Female,,,
3,2,Wildling,Fat,10/10/18,,206.75,115.63,22.78,Female,,,
3,3,Wildling,Fat,10/10/18,,159.03,34.26,24.954,Female,,,
3,4,Wildling,Fat,10/10/18,,186.87,79.81,21.412,Female,,,
3,2,Wildling,Chow,10/10/18,,185.36,41.74,28.724,Female,,,
1,1,Lab,Fat,10/11/18,,107.61,88,19.61,Male,,,
1,2,Lab,Fat,10/11/18,,108.44,89.5,18.94,Male,,,
1,3,Lab,Fat,10/11/18,,105.16,85.86,19.3,Male,,,
1,4,Lab,Fat,10/11/18,,111.79,92.2,19.59,Male,,,
1,5,Lab,Fat,10/11/18,,111.31,90.7,20.61,Male,,,
1,6,Lab,Fat,10/11/18,,109.86,90.62,19.24,Male,,,
1,7,Lab,Fat,10/11/18,,106.87,86.82,20.05,Male,,,
1,8,Lab,Fat,10/11/18,,109.43,91.19,18.24,Male,,,
1,1,Lab,Chow,10/11/18,,110.14,85.26,24.88,Male,,,
1,2,Lab,Chow,10/11/18,,120.96,94.31,26.65,Male,,,
1,3,Lab,Chow,10/11/18,,129.32,104.42,24.9,Male,,,
1,4,Lab,Chow,10/11/18,,113.28,90.56,22.72,Male,,,
1,5,Lab,Chow,10/11/18,,110.85,82.61,28.24,Male,,,
1,6,Lab,Chow,10/11/18,,114.15,89.52,24.63,Male,,,
1,7,Lab,Chow,10/11/18,,124.69,99.82,24.87,Male,,,
1,1,Wild,Fat,10/10/18,,83.11,57.44,25.67,Male,,,
1,2,Wild,Fat,10/10/18,,92.96,63.71,29.25,Male,,,
1,3,Wild,Fat,10/10/18,,94.3,66.07,28.23,Male,,,
1,4,Wild,Fat,10/10/18,,91.16,64.41,26.75,Male,,,
1,5,Wild,Fat,10/10/18,,92.62,66.15,26.47,Male,,,
1,6,Wild,Fat,10/10/18,,92.76,65.84,26.92,Male,,,
1,7,Wild,Fat,10/10/18,,89.86,67.18,22.68,Male,,,
1,1,Wild,Chow,10/10/18,,93.71,54.16,39.55,Male,,,
1,2,Wild,Chow,10/10/18,,91.34,56.29,35.05,Male,,,
1,3,Wild,Chow,10/10/18,,94.79,57.88,36.91,Male,,,
1,4,Wild,Chow,10/10/18,,94.49,58.69,35.8,Male,,,
1,5,Wild,Chow,10/10/18,,94.58,61.78,32.8,Male,,,
1,6,Wild,Chow,10/10/18,,93.99,56.26,37.73,Male,,,
1,7,Wild,Chow,10/10/18,,95.35,57.08,38.27,Male,,,
1,1,Lab,Fat,10/18/18,,269.43,211.13,14.575,Female,,,
1,2,Lab,Fat,10/18/18,,291.16,231.8,14.84,Female,,,
1,1,Lab,Chow,10/18/18,,255.79,213.05,21.37,Female,,,
1,2,Lab,Chow,10/18/18,,269.32,194.41,18.7275,Female,,,
2,1,Lab,Fat,10/18/18,,258.43,182.18,19.0625,Female,,,
2,3,Lab,Fat,10/18/18,,256.61,201.29,11.064,Female,,,
2,4,Lab,Fat,10/18/18,,244.63,174.76,13.974,Female,,,
2,1,Lab,Chow,10/18/18,,261.64,167.25,18.878,Female,,,
2,3,Lab,Chow,10/18/18,,263.81,176.42,21.8475,Female,,,
3,1,Lab,Fat,10/18/18,,226.63,200.85,6.445,Female,,,
3,3,Lab,Fat,10/18/18,,243.9,178.38,13.104,Female,,,
3,4,Lab,Fat,10/18/18,,241.52,179.35,12.434,Female,,,
3,1,Lab,Chow,10/18/18,,259.7,167.24,18.492,Female,,,
3,3,Lab,Chow,10/18/18,,229.37,157.91,17.865,Female,,,
1,1,Wildling,Fat,10/19/18,,134.95,78.96,18.66333333,Female,,,
1,2,Wildling,Fat,10/19/18,,128.04,78.34,16.56666667,Female,,,
1,3,Wildling,Fat,10/19/18,,138.86,71.67,16.7975,Female,,,
1,4,Wildling,Fat,10/19/18,,140.92,86.16,13.69,Female,,,
1,1,Wildling,Chow,10/19/18,,185.27,70.98,22.858,Female,,,
2,1,Wildling,Fat,10/19/18,,178.42,102.17,19.0625,Female,,,
2,3,Wildling,Fat,10/19/18,,184.03,124.71,11.864,Female,,,
2,4,Wildling,Fat,10/19/18,,184.38,100.76,16.724,Female,,,
2,1,Wildling,Chow,10/19/18,,181.91,55.47,25.288,Female,,,
3,1,Wildling,Fat,10/19/18,,208.24,149.28,14.74,Female,,,
3,3,Wildling,Fat,10/19/18,,162.11,74.21,17.58,Female,,,
3,4,Wildling,Fat,10/19/18,,143.39,63.56,15.966,Female,,,
3,1,Wildling,Chow,10/19/18,,188.16,80.26,21.58,Female,,,
1,1,Lab,Fat,10/18/18,,104.41,86.13,18.28,Male,,,
1,2,Lab,Fat,10/18/18,,113.03,95.56,17.47,Male,,,
1,3,Lab,Fat,10/18/18,,106.31,86.43,19.88,Male,,,
1,4,Lab,Fat,10/18/18,,105,84.25,20.75,Male,,,
1,5,Lab,Fat,10/18/18,,108.91,88.25,20.66,Male,,,
1,6,Lab,Fat,10/18/18,,106.8,88.25,18.55,Male,,,
1,7,Lab,Fat,10/18/18,,100.1,80.3,19.8,Male,,,
1,8,Lab,Fat,10/18/18,,104.58,86.41,18.17,Male,,,
1,1,Lab,Chow,10/18/18,,135.04,106.28,28.76,Male,,,
1,2,Lab,Chow,10/18/18,,126.92,97.57,29.35,Male,,,
1,3,Lab,Chow,10/18/18,,122.04,94.52,27.52,Male,,,
1,4,Lab,Chow,10/18/18,,125.68,101.97,23.71,Male,,,
1,5,Lab,Chow,10/18/18,,121.27,92.2,29.07,Male,,,
1,6,Lab,Chow,10/18/18,,127.9,100.2,27.7,Male,,,
1,7,Lab,Chow,10/18/18,,130.9,103.66,27.24,Male,,,
1,1,Wild,Fat,10/19/18,,84.86,60.2,24.66,Male,,,
1,2,Wild,Fat,10/19/18,,88.06,72.61,15.45,Male,,,
1,3,Wild,Fat,10/19/18,,86.06,66.16,19.9,Male,,,
1,4,Wild,Fat,10/19/18,,89,66.47,22.53,Male,,,
1,5,Wild,Fat,10/19/18,,80.41,60.02,20.39,Male,,,
1,6,Wild,Fat,10/19/18,,84.19,60.19,24,Male,,,
1,7,Wild,Fat,10/19/18,,85.61,66.11,19.5,Male,,,
1,1,Wild,Chow,10/19/18,,90.3,57.93,32.37,Male,,,
1,2,Wild,Chow,10/19/18,,89.72,65.52,24.2,Male,,,
1,3,Wild,Chow,10/19/18,,86.94,59.47,27.47,Male,,,
1,4,Wild,Chow,10/19/18,,94.93,71.27,23.66,Male,,,
1,5,Wild,Chow,10/19/18,,89.76,65.06,24.7,Male,,,
1,6,Wild,Chow,10/19/18,,75.85,48.25,27.6,Male,,,
1,7,Wild,Chow,10/19/18,,89.59,61.48,28.11,Male,,,
1,1,Lab,Fat,10/25/18,,228.38,193,8.845,Female,,,
1,2,Lab,Fat,10/25/18,,272.34,231.13,10.3025,Female,,,
1,1,Lab,Chow,10/25/18,,210.22,180.11,15.055,Female,,,
1,2,Lab,Chow,10/25/18,,239.18,191.39,11.9475,Female,,,
2,1,Lab,Fat,10/25/18,,233.9,168.67,16.3075,Female,,,
2,3,Lab,Fat,10/25/18,,265.38,206.32,11.812,Female,,,
2,4,Lab,Fat,10/25/18,,255.63,148.45,21.436,Female,,,
2,1,Lab,Chow,10/25/18,,265.14,204.12,12.204,Female,,,
2,3,Lab,Chow,10/25/18,,244.59,191.89,13.175,Female,,,
3,1,Lab,Fat,10/25/18,,216.7,187.91,7.1975,Female,,,
3,3,Lab,Fat,10/25/18,,277.36,224.55,10.562,Female,,,
3,4,Lab,Fat,10/25/18,,234.72,186.5,9.644,Female,,,
3,1,Lab,Chow,10/25/18,,297.55,233.83,12.744,Female,,,
3,3,Lab,Chow,10/25/18,,254.88,198.56,14.08,Female,,,
1,1,Lab,Fat,10/25/18,,122.6,109.5,13.1,Male,,,
1,2,Lab,Fat,10/25/18,,128.48,115.47,13.01,Male,,,
1,3,Lab,Fat,10/25/18,,127.58,116.14,11.44,Male,,,
1,4,Lab,Fat,10/25/18,,120.26,105.3,14.96,Male,,,
1,5,Lab,Fat,10/25/18,,138.42,123.53,14.89,Male,,,
1,6,Lab,Fat,10/25/18,,124.37,116.81,7.56,Male,,,
1,7,Lab,Fat,10/25/18,,126.43,123.82,2.61,Male,,,
1,8,Lab,Fat,10/25/18,,122.86,112.9,9.96,Male,,,
1,1,Lab,Chow,10/25/18,,130.6,112.22,18.38,Male,,,
1,2,Lab,Chow,10/25/18,,133.45,113.85,19.6,Male,,,
1,3,Lab,Chow,10/25/18,,128.66,109.92,18.74,Male,,,
1,4,Lab,Chow,10/25/18,,133.43,117.56,15.87,Male,,,
1,5,Lab,Chow,10/25/18,,137.5,118.56,18.94,Male,,,
1,6,Lab,Chow,10/25/18,,139.16,120.89,18.27,Male,,,
1,7,Lab,Chow,10/25/18,,143.5,124.71,18.79,Male,,,
1,1,Wildling,Fat,10/26/18,,140.65,93.73,15.64,Female,,,
1,2,Wildling,Fat,10/26/18,,126.68,77.07,16.53666667,Female,,,
1,3,Wildling,Fat,10/26/18,,153.97,100.24,13.4325,Female,,,
1,4,Wildling,Fat,10/26/18,,162.09,120.61,10.37,Female,,,
1,1,Wildling,Chow,10/26/18,,174.89,88.62,17.254,Female,,,
2,1,Wildling,Fat,10/26/18,,184.73,59431.88,-14811.7875,Female,,,
2,3,Wildling,Fat,10/26/18,,174.96,116,11.792,Female,,,
2,4,Wildling,Fat,10/26/18,,170.62,111.03,11.918,Female,,,
2,1,Wildling,Chow,10/26/18,,180.2,77.99,20.442,Female,,,
3,1,Wildling,Fat,10/26/18,,186.08,128.27,14.4525,Female,,,
3,3,Wildling,Fat,10/26/18,,174.75,109.89,12.972,Female,,,
3,4,Wildling,Fat,10/26/18,,166.02,95.13,14.178,Female,,,
3,1,Wildling,Chow,10/26/18,,175.72,82.86,18.572,Female,,,
1,1,Wild,Fat,10/26/18,,90.76,73.9,16.86,Male,,,
1,2,Wild,Fat,10/26/18,,95.83,77.45,18.38,Male,,,
1,3,Wild,Fat,10/26/18,,93.88,75.72,18.16,Male,,,
1,4,Wild,Fat,10/26/18,,94.37,74.15,20.22,Male,,,
1,5,Wild,Fat,10/26/18,,93.15,75.24,17.91,Male,,,
1,6,Wild,Fat,10/26/18,,89.8,71.05,18.75,Male,,,
1,7,Wild,Fat,10/26/18,,90.96,75.45,15.51,Male,,,
1,1,Wild,Chow,10/26/18,,92.65,94.74,-2.09,Male,,,
1,2,Wild,Chow,10/26/18,,92.21,92.68,-0.47,Male,,,
1,3,Wild,Chow,10/26/18,,92.5,94.03,-1.53,Male,,,
1,4,Wild,Chow,10/26/18,,92.09,89.9,2.19,Male,,,
1,5,Wild,Chow,10/26/18,,95.32,92.07,3.25,Male,,,
1,6,Wild,Chow,10/26/18,,93.76,89.25,4.51,Male,,,
1,7,Wild,Chow,10/26/18,,92.31,90.41,1.9,Male,,,
1,1,Lab,Fat,10/30/18,,212.73,,53.1825,Female,,,
1,2,Lab,Fat,10/30/18,,211.03,,52.7575,Female,,,
1,1,Lab,Chow,10/30/18,,217,,108.5,Female,,,
1,2,Lab,Chow,10/30/18,,245.67,,61.4175,Female,,,
2,1,Lab,Fat,10/30/18,,286,,71.5,Female,,,
2,3,Lab,Fat,10/30/18,,229.69,,45.938,Female,,,
2,4,Lab,Fat,10/30/18,,267.62,,53.524,Female,,,
2,1,Lab,Chow,10/30/18,,263.68,,52.736,Female,,,
2,3,Lab,Chow,10/30/18,,242.57,,60.6425,Female,,,
3,1,Lab,Fat,10/30/18,,251,,62.75,Female,,,
3,3,Lab,Fat,10/30/18,,227.55,,45.51,Female,,,
3,4,Lab,Fat,10/30/18,,255.72,,51.144,Female,,,
3,1,Lab,Chow,10/30/18,,244.85,,48.97,Female,,,
3,3,Lab,Chow,10/30/18,,232.79,,58.1975,Female,,,
1,1,Lab,Fat,10/30/18,,111.33,,111.33,Male,,,
1,2,Lab,Fat,10/30/18,,104.57,,104.57,Male,,,
1,3,Lab,Fat,10/30/18,,107.82,,107.82,Male,,,
1,4,Lab,Fat,10/30/18,,110,,110,Male,,,
1,5,Lab,Fat,10/30/18,,134,,134,Male,,,
1,6,Lab,Fat,10/30/18,,118,,118,Male,,,
1,7,Lab,Fat,10/30/18,,122,,122,Male,,,
1,8,Lab,Fat,10/30/18,,143,,143,Male,,,
1,1,Lab,Chow,10/30/18,,129.97,,129.97,Male,,,
1,2,Lab,Chow,10/30/18,,131.1,,131.1,Male,,,
1,3,Lab,Chow,10/30/18,,136.82,,136.82,Male,,,
1,4,Lab,Chow,10/30/18,,132.69,,132.69,Male,,,
1,5,Lab,Chow,10/30/18,,130.9,,130.9,Male,,,
1,6,Lab,Chow,10/30/18,,135.02,,135.02,Male,,,
1,7,Lab,Chow,10/30/18,,140.06,,140.06,Male,,,
1,1,Wildling,Fat,11/1/18,,146.23,,48.74333333,Female,,,
1,2,Wildling,Fat,11/1/18,,165.33,,55.11,Female,,,
1,3,Wildling,Fat,11/1/18,,169.94,,42.485,Female,,,
1,4,Wildling,Fat,11/1/18,,169.54,,42.385,Female,,,
1,1,Wildling,Chow,11/1/18,,179.14,,35.828,Female,,,
2,1,Wildling,Fat,11/1/18,,175.73,,43.9325,Female,,,
2,3,Wildling,Fat,11/1/18,,188.52,,37.704,Female,,,
2,4,Wildling,Fat,11/1/18,,173.22,,34.644,Female,,,
2,1,Wildling,Chow,11/1/18,,181.85,,36.37,Female,,,
3,1,Wildling,Fat,11/1/18,,180.76,,45.19,Female,,,
3,3,Wildling,Fat,11/1/18,,168.81,,33.762,Female,,,
3,4,Wildling,Fat,11/1/18,,189.24,,37.848,Female,,,
3,1,Wildling,Chow,11/1/18,,179.85,,35.97,Female,,,
1,1,Wild,Fat,11/1/18,,94.74,,94.74,Male,,,
1,2,Wild,Fat,11/1/18,,92.68,,92.68,Male,,,
1,3,Wild,Fat,11/1/18,,94.03,,94.03,Male,,,
1,4,Wild,Fat,11/1/18,,89.9,,89.9,Male,,,
1,5,Wild,Fat,11/1/18,,92.07,,92.07,Male,,,
1,6,Wild,Fat,11/1/18,,89.25,,89.25,Male,,,
1,7,Wild,Fat,11/1/18,,90.41,,90.41,Male,,,
1,1,Wild,Chow,11/1/18,,85.02,,85.02,Male,,,
1,2,Wild,Chow,11/1/18,,89.72,,89.72,Male,,,
1,3,Wild,Chow,11/1/18,,84.12,,84.12,Male,,,
1,4,Wild,Chow,11/1/18,,83.38,,83.38,Male,,,
1,5,Wild,Chow,11/1/18,,89.89,,89.89,Male,,,
1,6,Wild,Chow,11/1/18,,89.88,,89.88,Male,,,
1,7,Wild,Chow,11/1/18,,84.76,,84.76,Male,,,