,Experiment,Date,Microbiome,Food,Cage,Mouse,Weight,Temperature,Glucose,ALT,Triglycerides,Insulin,Gender,Notes
1,3,8/16/18,Lab,Fat,1,1,23.73,36.3,154,,,,Female,
2,3,8/16/18,Lab,Fat,1,2,23.85,37.5,214,,,,Female,
3,3,8/16/18,Lab,Fat,1,3,19.58,36.8,192,,,,Female,
4,3,8/16/18,Lab,Fat,1,4,24.98,37.1,182,,,,Female,
5,3,8/16/18,Lab,Fat,1,5,23.33,36.8,171,,,,Female,
6,3,8/16/18,Lab,Fat,2,1,20.82,37.3,175,,,,Female,
7,3,8/16/18,Lab,Fat,2,2,21.62,37.7,181,,,,Female,
8,3,8/16/18,Lab,Fat,2,3,21.38,37.4,171,,,,Female,
9,3,8/16/18,Lab,Fat,2,4,24.27,36.8,184,,,,Female,
10,3,8/16/18,Lab,Fat,2,5,29.19,37,238,,,,Female,
11,3,8/16/18,Lab,Fat,3,1,23.78,37.4,182,,,,Female,
12,3,8/16/18,Lab,Fat,3,2,21.48,37.1,210,,,,Female,
13,3,8/16/18,Lab,Fat,3,3,24.28,37.3,212,,,,Female,
14,3,8/16/18,Lab,Fat,3,4,21.26,36.9,180,,,,Female,
15,3,8/16/18,Lab,Fat,3,5,23.15,37.2,219,,,,Female,
16,3,8/16/18,Lab,Fat,4,1,22.2,36.9,166,,,,Female,
17,3,8/16/18,Lab,Fat,4,2,23.85,37.1,178,,,,Female,
18,3,8/16/18,Lab,Fat,4,3,21.92,36.9,130,,,,Female,
19,3,8/16/18,Lab,Fat,4,4,20.32,37.3,174,,,,Female,
20,3,8/16/18,Lab,Fat,4,5,22.68,36.8,191,,,,Female,
21,3,8/16/18,Lab,Chow,1,1,21.56,38,180,,,,Female,
22,3,8/16/18,Lab,Chow,1,2,19.77,36.5,151,,,,Female,
23,3,8/16/18,Lab,Chow,1,3,20.27,37.3,159,,,,Female,
24,3,8/16/18,Lab,Chow,1,4,19.09,37.4,174,,,,Female,
25,3,8/16/18,Lab,Chow,1,5,21.47,37.7,184,,,,Female,
26,3,8/16/18,Lab,Chow,2,1,19.66,36.7,134,,,,Female,
27,3,8/16/18,Lab,Chow,2,2,22.08,36.9,156,,,,Female,
28,3,8/16/18,Lab,Chow,2,3,19.52,36.7,178,,,,Female,
29,3,8/16/18,Lab,Chow,2,4,19.23,37.7,167,,,,Female,
30,3,8/16/18,Lab,Chow,2,5,24.59,36.9,174,,,,Female,
31,3,8/16/18,Lab,Chow,3,1,20.35,37.2,149,,,,Female,
32,3,8/16/18,Lab,Chow,3,2,19.98,36,144,,,,Female,
33,3,8/16/18,Lab,Chow,3,3,18.34,36.4,132,,,,Female,
34,3,8/16/18,Lab,Chow,3,4,20.81,36.3,135,,,,Female,
35,3,8/16/18,Lab,Chow,3,5,21.49,37.4,157,,,,Female,
1,3,8/8/18,Lab,Fat,1,1,20.26,,121,,,,Female,
2,3,8/8/18,Lab,Fat,1,2,19.98,,180,,,,Female,
3,3,8/8/18,Lab,Fat,1,3,17.8,,144,,,,Female,
4,3,8/8/18,Lab,Fat,1,4,21.9,,199,,,,Female,
5,3,8/8/18,Lab,Fat,1,5,22,,130,,,,Female,
6,3,8/8/18,Lab,Fat,2,1,20.08,,168,,,,Female,
7,3,8/8/18,Lab,Fat,2,2,19.45,,174,,,,Female,
8,3,8/8/18,Lab,Fat,2,3,19.26,,144,,,,Female,
9,3,8/8/18,Lab,Fat,2,4,21.16,,129,,,,Female,
10,3,8/8/18,Lab,Fat,2,5,23.56,,185,,,,Female,
11,3,8/8/18,Lab,Fat,3,1,19.39,,162,,,,Female,
12,3,8/8/18,Lab,Fat,3,2,19.32,,180,,,,Female,
13,3,8/8/18,Lab,Fat,3,3,20.4,,173,,,,Female,
14,3,8/8/18,Lab,Fat,3,4,19.28,,149,,,,Female,
15,3,8/8/18,Lab,Fat,3,5,19.99,,140,,,,Female,
16,3,8/8/18,Lab,Fat,4,1,18.74,,137,,,,Female,
17,3,8/8/18,Lab,Fat,4,2,20.96,,188,,,,Female,
18,3,8/8/18,Lab,Fat,4,3,19.06,,151,,,,Female,
19,3,8/8/18,Lab,Fat,4,4,18.86,,160,,,,Female,
20,3,8/8/18,Lab,Fat,4,5,20.08,,161,,,,Female,
21,3,8/8/18,Lab,Chow,1,1,20.2,,163,,,,Female,
22,3,8/8/18,Lab,Chow,1,2,18.53,,149,,,,Female,
23,3,8/8/18,Lab,Chow,1,3,18.93,,140,,,,Female,
24,3,8/8/18,Lab,Chow,1,4,18,,105,,,,Female,
25,3,8/8/18,Lab,Chow,1,5,20.08,,167,,,,Female,
26,3,8/8/18,Lab,Chow,2,1,18.88,,172,,,,Female,
27,3,8/8/18,Lab,Chow,2,2,20.68,,130,,,,Female,
28,3,8/8/18,Lab,Chow,2,3,18.89,,144,,,,Female,
29,3,8/8/18,Lab,Chow,2,4,18.68,,179,,,,Female,
30,3,8/8/18,Lab,Chow,2,5,22.78,,169,,,,Female,
31,3,8/8/18,Lab,Chow,3,1,20.07,,131,,,,Female,
32,3,8/8/18,Lab,Chow,3,2,18.35,,147,,,,Female,
33,3,8/8/18,Lab,Chow,3,3,17.77,,160,,,,Female,
34,3,8/8/18,Lab,Chow,3,4,19.75,,175,,,,Female,
35,3,8/8/18,Lab,Chow,3,5,20.88,,161,,,,Female,
1,3,8/9/18,Wild,Fat,1,1,18.57,37,168,,,,Female,
2,3,8/9/18,Wild,Fat,1,2,18.82,36.8,182,,,,Female,
3,3,8/9/18,Wild,Fat,1,3,18.31,37,172,,,,Female,
4,3,8/9/18,Wild,Fat,1,4,20.34,36.3,150,,,,Female,
5,3,8/9/18,Wild,Fat,1,5,20.17,36.5,130,,,,Female,
6,3,8/9/18,Wild,Fat,2,1,18.75,36.5,162,,,,Female,
7,3,8/9/18,Wild,Fat,2,2,18.71,37,105,,,,Female,
8,3,8/9/18,Wild,Fat,2,3,18.93,37,184,,,,Female,
9,3,8/9/18,Wild,Fat,2,4,16.98,37.7,185,,,,Female,
10,3,8/9/18,Wild,Fat,2,5,18.65,37.5,154,,,,Female,
11,3,8/9/18,Wild,Fat,3,1,17.64,37.5,81,,,,Female,
12,3,8/9/18,Wild,Fat,3,2,15.88,37.5,89,,,,Female,
13,3,8/9/18,Wild,Fat,3,3,17.68,37,139,,,,Female,
14,3,8/9/18,Wild,Fat,3,4,18.56,35.8,118,,,,Female,
15,3,8/9/18,Wild,Fat,3,5,17.08,37.6,153,,,,Female,
16,3,8/9/18,Wild,Fat,4,1,17.98,37.2,176,,,,Female,
17,3,8/9/18,Wild,Fat,4,2,17.08,37,163,,,,Female,
18,3,8/9/18,Wild,Fat,4,3,18.46,36,112,,,,Female,
19,3,8/9/18,Wild,Fat,4,4,18.1,37.1,150,,,,Female,
20,3,8/9/18,Wild,Fat,4,5,18.24,36.4,125,,,,Female,
21,3,8/9/18,Wild,Chow,1,1,19.85,36.6,141,,,,Female,
22,3,8/9/18,Wild,Chow,1,2,18.23,36.3,112,,,,Female,
23,3,8/9/18,Wild,Chow,1,3,18.01,37.4,146,,,,Female,
24,3,8/9/18,Wild,Chow,1,4,17.61,37,156,,,,Female,
25,3,8/9/18,Wild,Chow,1,5,20.18,35.9,93,,,,Female,
26,3,8/9/18,Wild,Chow,2,1,20.68,36.5,145,,,,Female,
27,3,8/9/18,Wild,Chow,2,2,18.68,37,147,,,,Female,
28,3,8/9/18,Wild,Chow,2,3,20.21,37.3,138,,,,Female,
29,3,8/9/18,Wild,Chow,2,4,18.78,36.7,155,,,,Female,
30,3,8/9/18,Wild,Chow,2,5,19.08,36.3,101,,,,Female,
1,1,8/17/18,Wild,Fat,1,1,22.35,,183,,,,Female,
2,1,8/17/18,Wild,Fat,1,2,22.99,,147,,,,Female,
3,1,8/17/18,Wild,Fat,1,3,23.25,,151,,,,Female,
4,1,8/17/18,Wild,Fat,1,4,19.66,,161,,,,Female,
5,1,8/17/18,Wild,Fat,1,5,20.93,,159,,,,Female,
6,1,8/17/18,Wild,Fat,2,1,28.94,,193,,,,Female,
7,1,8/17/18,Wild,Fat,2,2,20.47,37.8,146,,,,Female,
8,1,8/17/18,Wild,Fat,2,3,24.06,,150,,,,Female,
9,1,8/17/18,Wild,Fat,2,4,22.89,,126,,,,Female,
10,1,8/17/18,Wild,Fat,2,5,22.96,,143,,,,Female,
11,1,8/17/18,Wild,Fat,3,1,24.01,36.9,107,,,,Female,
12,1,8/17/18,Wild,Fat,3,2,24.25,37.5,177,,,,Female,
13,1,8/17/18,Wild,Fat,3,3,24.28,37.9,142,,,,Female,
14,1,8/17/18,Wild,Fat,3,4,22.88,,204,,,,Female,
15,1,8/17/18,Wild,Fat,3,5,23.34,37.8,211,,,,Female,
16,1,8/17/18,Wild,Fat,4,1,23.67,37.4,184,,,,Female,
17,1,8/17/18,Wild,Fat,4,2,24.47,36.9,147,,,,Female,
18,1,8/17/18,Wild,Fat,4,3,28.75,37.4,170,,,,Female,
19,1,8/17/18,Wild,Fat,4,4,20.62,37.4,184,,,,Female,
20,1,8/17/18,Wild,Fat,4,5,29.44,36.7,160,,,,Female,
21,1,8/17/18,Wild,Chow,1,1,22.8,,113,,,,Female,
22,1,8/17/18,Wild,Chow,1,2,21.78,,159,,,,Female,
23,1,8/17/18,Wild,Chow,1,3,20.57,37.3,132,,,,Female,
24,1,8/17/18,Wild,Chow,1,4,22.03,37.4,150,,,,Female,
25,1,8/17/18,Wild,Chow,1,5,21.6,37.4,144,,,,Female,
26,1,8/17/18,Wild,Chow,2,1,22.34,37.5,147,,,,Female,
27,1,8/17/18,Wild,Chow,2,2,22.68,37.9,165,,,,Female,
28,1,8/17/18,Wild,Chow,2,3,25.51,37.5,145,,,,Female,
29,1,8/17/18,Wild,Chow,2,4,22.52,,166,,,,Female,
30,1,8/17/18,Wild,Chow,2,5,18.5,37.3,126,,,,Female,
1,2,8/17/18,Wild,Fat,1,1,22.79,37.9,181,,,,Female,
2,2,8/17/18,Wild,Fat,1,2,27.01,37.4,167,,,,Female,
3,2,8/17/18,Wild,Fat,1,3,23.08,37.7,133,,,,Female,
4,2,8/17/18,Wild,Fat,1,4,29.84,37.3,163,,,,Female,
5,2,8/17/18,Wild,Fat,1,5,19.67,37.4,180,,,,Female,
6,2,8/17/18,Wild,Fat,2,1,22.67,37.6,148,,,,Female,
7,2,8/17/18,Wild,Fat,2,2,25.19,37.4,169,,,,Female,
8,2,8/17/18,Wild,Fat,2,3,25.74,37.4,160,,,,Female,
9,2,8/17/18,Wild,Fat,2,4,19.34,38.1,194,,,,Female,
10,2,8/17/18,Wild,Fat,2,5,23.84,37.5,148,,,,Female,
11,2,8/17/18,Wild,Fat,3,1,19.23,37.1,134,,,,Female,
12,2,8/17/18,Wild,Fat,3,2,20.4,37.8,136,,,,Female,
13,2,8/17/18,Wild,Fat,3,3,24.21,37.8,171,,,,Female,
14,2,8/17/18,Wild,Fat,3,4,26.29,37.5,173,,,,Female,
15,2,8/17/18,Wild,Fat,3,5,22.47,37.5,163,,,,Female,
16,2,8/17/18,Wild,Fat,4,1,21.74,38.2,149,,,,Female,
17,2,8/17/18,Wild,Fat,4,2,22.1,38.1,176,,,,Female,
18,2,8/17/18,Wild,Fat,4,3,27.33,37.2,167,,,,Female,
19,2,8/17/18,Wild,Fat,4,4,23.71,37.3,145,,,,Female,
20,2,8/17/18,Wild,Fat,4,5,21.93,38,173,,,,Female,
21,2,8/17/18,Wild,Chow,1,1,23.95,,131,,,,Female,
22,2,8/17/18,Wild,Chow,1,2,19.94,38.1,154,,,,Female,
23,2,8/17/18,Wild,Chow,1,3,21.63,36.3,104,,,,Female,
24,2,8/17/18,Wild,Chow,1,4,21.35,37.4,153,,,,Female,
25,2,8/17/18,Wild,Chow,1,5,24.51,37.2,129,,,,Female,
26,2,8/17/18,Wild,Chow,2,1,25.93,36.4,121,,,,Female,
27,2,8/17/18,Wild,Chow,2,2,19.94,36.6,110,,,,Female,
28,2,8/17/18,Wild,Chow,2,3,20.32,36.9,119,,,,Female,
29,2,8/17/18,Wild,Chow,2,4,19.9,37.8,136,,,,Female,
30,2,8/17/18,Wild,Chow,2,5,23.16,37.5,150,,,,Female,
1,3,8/17/18,Wild,Fat,1,1,19.12,37.6,160,,,,Female,
2,3,8/17/18,Wild,Fat,1,2,19.74,37.6,171,,,,Female,
3,3,8/17/18,Wild,Fat,1,3,19.13,37.6,147,,,,Female,
4,3,8/17/18,Wild,Fat,1,4,21.89,37.8,167,,,,Female,
5,3,8/17/18,Wild,Fat,1,5,22.03,38.1,143,,,,Female,
6,3,8/17/18,Wild,Fat,2,1,18.7,37.5,174,,,,Female,
7,3,8/17/18,Wild,Fat,2,2,19.11,37.7,158,,,,Female,
8,3,8/17/18,Wild,Fat,2,3,19.28,37.6,47,,,,Female,
9,3,8/17/18,Wild,Fat,2,4,17.43,37.5,124,,,,Female,
10,3,8/17/18,Wild,Fat,2,5,19.88,,175,,,,Female,
11,3,8/17/18,Wild,Fat,3,1,18.03,37.5,173,,,,Female,
12,3,8/17/18,Wild,Fat,3,2,18.22,38,196,,,,Female,
13,3,8/17/18,Wild,Fat,3,3,19.37,37.8,183,,,,Female,
14,3,8/17/18,Wild,Fat,3,4,17.93,38,123,,,,Female,
15,3,8/17/18,Wild,Fat,3,5,18.67,37,108,,,,Female,
16,3,8/17/18,Wild,Fat,4,1,18.7,37.9,136,,,,Female,
17,3,8/17/18,Wild,Fat,4,2,16.46,37.7,92,,,,Female,
18,3,8/17/18,Wild,Fat,4,3,18.16,38,114,,,,Female,
19,3,8/17/18,Wild,Fat,4,4,17.2,37.6,120,,,,Female,
20,3,8/17/18,Wild,Fat,4,5,18.13,38,99,,,,Female,
21,3,8/17/18,Wild,Chow,1,1,20.28,37.3,188,,,,Female,
22,3,8/17/18,Wild,Chow,1,2,18.03,,165,,,,Female,
23,3,8/17/18,Wild,Chow,1,3,19.38,37.3,132,,,,Female,
24,3,8/17/18,Wild,Chow,1,4,18.06,37.2,130,,,,Female,
25,3,8/17/18,Wild,Chow,1,5,20.48,37.4,108,,,,Female,
26,3,8/17/18,Wild,Chow,2,1,22.11,37.7,137,,,,Female,
27,3,8/17/18,Wild,Chow,2,2,19.23,37.1,130,,,,Female,
28,3,8/17/18,Wild,Chow,2,3,21.74,38.1,159,,,,Female,
29,3,8/17/18,Wild,Chow,2,4,19.26,37.5,122,,,,Female,
30,3,8/17/18,Wild,Chow,2,5,19.58,37.9,146,,,,Female,
1,1,6/20/18,Lab,Fat,1,1,21,,117,,,,Female,
2,1,6/20/18,Lab,Fat,1,2,20,,117,,,,Female,
3,1,6/20/18,Lab,Fat,1,3,19,,129,,,,Female,
4,1,6/20/18,Lab,Fat,1,4,19,,141,,,,Female,
5,1,6/20/18,Lab,Fat,1,5,19,,83,,,,Female,
6,1,6/20/18,Lab,Fat,2,1,22,,148,,,,Female,
7,1,6/20/18,Lab,Fat,2,2,21,,102,,,,Female,
8,1,6/20/18,Lab,Fat,2,3,21,,127,,,,Female,
9,1,6/20/18,Lab,Fat,2,4,22,,140,,,,Female,
10,1,6/20/18,Lab,Fat,2,5,20,,115,,,,Female,
11,1,6/20/18,Lab,Fat,3,1,19,,140,,,,Female,
12,1,6/20/18,Lab,Fat,3,2,20,,110,,,,Female,
13,1,6/20/18,Lab,Fat,3,3,22,,147,,,,Female,
14,1,6/20/18,Lab,Fat,3,4,21,,122,,,,Female,
15,1,6/20/18,Lab,Fat,3,5,20,,129,,,,Female,
16,1,6/20/18,Lab,Chow,1,1,20,,146,,,,Female,
17,1,6/20/18,Lab,Chow,1,2,20,,131,,,,Female,
18,1,6/20/18,Lab,Chow,1,3,20,,133,,,,Female,
19,1,6/20/18,Lab,Chow,1,4,19,,139,,,,Female,
20,1,6/20/18,Lab,Chow,2,1,18,,127,,,,Female,
21,1,6/20/18,Lab,Chow,2,2,20,,155,,,,Female,
22,1,6/20/18,Lab,Chow,2,3,19,,113,,,,Female,
23,1,6/20/18,Lab,Chow,2,4,20,,136,,,,Female,
24,1,6/20/18,Lab,Chow,3,1,19,,103,,,,Female,
25,1,6/20/18,Lab,Chow,3,2,19,,150,,,,Female,
26,1,6/20/18,Lab,Chow,3,3,20,,133,,,,Female,
27,1,6/20/18,Lab,Chow,3,4,18,,136,,,,Female,
1,1,6/26/18,Lab,Fat,1,1,23,,115,,,,Female,
2,1,6/26/18,Lab,Fat,1,2,23,,155,,,,Female,
3,1,6/26/18,Lab,Fat,1,3,22,,170,,,,Female,
4,1,6/26/18,Lab,Fat,1,4,22,,140,,,,Female,
5,1,6/26/18,Lab,Fat,1,5,23,,189,,,,Female,
6,1,6/26/18,Lab,Fat,2,1,26,,113,,,,Female,
7,1,6/26/18,Lab,Fat,2,2,24,,172,,,,Female,
8,1,6/26/18,Lab,Fat,2,3,24,,153,,,,Female,
9,1,6/26/18,Lab,Fat,2,4,23,,147,,,,Female,
10,1,6/26/18,Lab,Fat,2,5,25,,208,,,,Female,
11,1,6/26/18,Lab,Fat,3,1,20,,128,,,,Female,
12,1,6/26/18,Lab,Fat,3,2,23,,166,,,,Female,
13,1,6/26/18,Lab,Fat,3,3,23,,147,,,,Female,
14,1,6/26/18,Lab,Fat,3,4,24,,156,,,,Female,
15,1,6/26/18,Lab,Fat,3,5,25,,114,,,,Female,
16,1,6/26/18,Lab,Chow,1,1,20,,87,,,,Female,
17,1,6/26/18,Lab,Chow,1,2,21,,116,,,,Female,
18,1,6/26/18,Lab,Chow,1,3,21,,140,,,,Female,
19,1,6/26/18,Lab,Chow,1,4,20,,134,,,,Female,
20,1,6/26/18,Lab,Chow,2,1,19,,104,,,,Female,
21,1,6/26/18,Lab,Chow,2,2,22,,135,,,,Female,
22,1,6/26/18,Lab,Chow,2,3,20,,100,,,,Female,
23,1,6/26/18,Lab,Chow,2,4,20,,122,,,,Female,
24,1,6/26/18,Lab,Chow,3,1,20,,105,,,,Female,
25,1,6/26/18,Lab,Chow,3,2,21,,105,,,,Female,
26,1,6/26/18,Lab,Chow,3,3,22,,94,,,,Female,
27,1,6/26/18,Lab,Chow,3,4,19,,129,,,,Female,
1,1,7/3/18,Lab,Fat,1,1,24.9,,165,,,,Female,
2,1,7/3/18,Lab,Fat,1,2,25.58,,132,,,,Female,
3,1,7/3/18,Lab,Fat,1,3,25.3,,155,,,,Female,
4,1,7/3/18,Lab,Fat,1,4,24.85,,148,,,,Female,
5,1,7/3/18,Lab,Fat,1,5,26.93,,142,,,,Female,
6,1,7/3/18,Lab,Fat,2,1,30.33,,160,,,,Female,
7,1,7/3/18,Lab,Fat,2,2,24.83,,90,,,,Female,
8,1,7/3/18,Lab,Fat,2,3,26.99,,148,,,,Female,
9,1,7/3/18,Lab,Fat,2,4,26.65,,166,,,,Female,
10,1,7/3/18,Lab,Fat,2,5,22.11,,128,,,,Female,
11,1,7/3/18,Lab,Fat,3,1,20.89,,120,,,,Female,
12,1,7/3/18,Lab,Fat,3,2,24.56,,105,,,,Female,
13,1,7/3/18,Lab,Fat,3,3,27.01,,115,,,,Female,
14,1,7/3/18,Lab,Fat,3,4,22.08,,123,,,,Female,
15,1,7/3/18,Lab,Fat,3,5,24.75,,144,,,,Female,
16,1,7/3/18,Lab,Chow,1,1,21.49,,88,,,,Female,
17,1,7/3/18,Lab,Chow,1,2,21.39,,116,,,,Female,
18,1,7/3/18,Lab,Chow,1,3,23.24,,122,,,,Female,
19,1,7/3/18,Lab,Chow,1,4,20.89,,129,,,,Female,
20,1,7/3/18,Lab,Chow,2,1,20.32,,112,,,,Female,
21,1,7/3/18,Lab,Chow,2,2,23.9,,100,,,,Female,
22,1,7/3/18,Lab,Chow,2,3,20.88,,99,,,,Female,
23,1,7/3/18,Lab,Chow,2,4,23.05,,153,,,,Female,
24,1,7/3/18,Lab,Chow,3,1,20.03,,85,,,,Female,
25,1,7/3/18,Lab,Chow,3,2,20.48,,120,,,,Female,
26,1,7/3/18,Lab,Chow,3,3,24.3,,145,,,,Female,
27,1,7/3/18,Lab,Chow,3,4,19.58,,135,,,,Female,
1,1,7/11/18,Lab,Fat,1,1,29.38,,163,,,,Female,
2,1,7/11/18,Lab,Fat,1,2,28.89,,153,,,,Female,
3,1,7/11/18,Lab,Fat,1,3,25.86,,167,,,,Female,
4,1,7/11/18,Lab,Fat,1,4,25.88,,181,,,,Female,
5,1,7/11/18,Lab,Fat,1,5,26.09,,174,,,,Female,
6,1,7/11/18,Lab,Fat,2,1,32.92,,205,,,,Female,
7,1,7/11/18,Lab,Fat,2,2,25.43,,126,,,,Female,
8,1,7/11/18,Lab,Fat,2,3,27.4,,181,,,,Female,
9,1,7/11/18,Lab,Fat,2,4,29.63,,179,,,,Female,
10,1,7/11/18,Lab,Fat,2,5,23.4,,150,,,,Female,
11,1,7/11/18,Lab,Fat,3,1,21.88,,176,,,,Female,
12,1,7/11/18,Lab,Fat,3,2,24.89,,136,,,,Female,
13,1,7/11/18,Lab,Fat,3,3,29.06,,185,,,,Female,
14,1,7/11/18,Lab,Fat,3,4,24.23,,170,,,,Female,
15,1,7/11/18,Lab,Fat,3,5,25.88,,184,,,,Female,
16,1,7/11/18,Lab,Chow,1,1,20.85,,137,,,,Female,
17,1,7/11/18,Lab,Chow,1,2,22.08,,127,,,,Female,
18,1,7/11/18,Lab,Chow,1,3,22.81,,140,,,,Female,
19,1,7/11/18,Lab,Chow,1,4,21.34,,124,,,,Female,
20,1,7/11/18,Lab,Chow,2,1,20.89,,137,,,,Female,
21,1,7/11/18,Lab,Chow,2,2,24.81,,113,,,,Female,
22,1,7/11/18,Lab,Chow,2,3,21.26,,117,,,,Female,
23,1,7/11/18,Lab,Chow,2,4,21.69,,114,,,,Female,
24,1,7/11/18,Lab,Chow,3,1,20.01,,137,,,,Female,
25,1,7/11/18,Lab,Chow,3,2,20.1,,148,,,,Female,
26,1,7/11/18,Lab,Chow,3,3,24.78,,134,,,,Female,
27,1,7/11/18,Lab,Chow,3,4,19.92,,177,,,,Female,
1,1,7/18/18,Lab,Fat,1,1,28.08,,183,,,,Female,
2,1,7/18/18,Lab,Fat,1,2,27.34,,191,,,,Female,
3,1,7/18/18,Lab,Fat,1,3,27.88,,216,,,,Female,
4,1,7/18/18,Lab,Fat,1,4,25.99,,174,,,,Female,
5,1,7/18/18,Lab,Fat,1,5,28.23,,208,,,,Female,
6,1,7/18/18,Lab,Fat,2,1,34.85,,199,,,,Female,
7,1,7/18/18,Lab,Fat,2,2,26.99,,187,,,,Female,
8,1,7/18/18,Lab,Fat,2,3,27.88,,146,,,,Female,
9,1,7/18/18,Lab,Fat,2,4,31.43,,206,,,,Female,
10,1,7/18/18,Lab,Fat,2,5,24.08,,198,,,,Female,
11,1,7/18/18,Lab,Fat,3,1,23.56,,144,,,,Female,
12,1,7/18/18,Lab,Fat,3,2,27.84,,182,,,,Female,
13,1,7/18/18,Lab,Fat,3,3,30.22,,181,,,,Female,
14,1,7/18/18,Lab,Fat,3,4,27.4,,175,,,,Female,
15,1,7/18/18,Lab,Fat,3,5,27.41,,213,,,,Female,
16,1,7/18/18,Lab,Chow,1,1,21.52,,112,,,,Female,
17,1,7/18/18,Lab,Chow,1,2,22.38,,139,,,,Female,
18,1,7/18/18,Lab,Chow,1,3,24.12,,136,,,,Female,
19,1,7/18/18,Lab,Chow,1,4,21.12,,167,,,,Female,
20,1,7/18/18,Lab,Chow,2,1,21.88,,136,,,,Female,
21,1,7/18/18,Lab,Chow,2,2,25.53,,114,,,,Female,
22,1,7/18/18,Lab,Chow,2,3,21.57,,126,,,,Female,
23,1,7/18/18,Lab,Chow,2,4,23.16,,150,,,,Female,
24,1,7/18/18,Lab,Chow,3,1,20.83,,132,,,,Female,
25,1,7/18/18,Lab,Chow,3,2,21.38,,147,,,,Female,
26,1,7/18/18,Lab,Chow,3,3,25.59,,147,,,,Female,
27,1,7/18/18,Lab,Chow,3,4,20.68,,163,,,,Female,
1,1,7/25/18,Lab,Fat,1,1,30.5,,196,,,,Female,
2,1,7/25/18,Lab,Fat,1,2,31.17,,197,,,,Female,
3,1,7/25/18,Lab,Fat,1,3,29.65,,190,,,,Female,
4,1,7/25/18,Lab,Fat,1,4,27.81,,168,,,,Female,
5,1,7/25/18,Lab,Fat,1,5,30.8,,182,,,,Female,
6,1,7/25/18,Lab,Fat,2,1,37.58,,227,,,,Female,
7,1,7/25/18,Lab,Fat,2,2,29.87,,175,,,,Female,
8,1,7/25/18,Lab,Fat,2,3,30.59,,175,,,,Female,
9,1,7/25/18,Lab,Fat,2,4,30.89,,140,,,,Female,
10,1,7/25/18,Lab,Fat,2,5,26.26,,235,,,,Female,
11,1,7/25/18,Lab,Fat,3,1,22.3,,157,,,,Female,
12,1,7/25/18,Lab,Fat,3,2,29.6,,244,,,,Female,
13,1,7/25/18,Lab,Fat,3,3,32.25,,170,,,,Female,
14,1,7/25/18,Lab,Fat,3,4,25.46,,92,,,,Female,
15,1,7/25/18,Lab,Fat,3,5,30.15,,194,,,,Female,
16,1,7/25/18,Lab,Chow,1,1,21.85,,154,,,,Female,
17,1,7/25/18,Lab,Chow,1,2,23.88,,138,,,,Female,
18,1,7/25/18,Lab,Chow,1,3,25.71,,142,,,,Female,
19,1,7/25/18,Lab,Chow,1,4,22.07,,146,,,,Female,
20,1,7/25/18,Lab,Chow,2,1,22.51,,150,,,,Female,
21,1,7/25/18,Lab,Chow,2,2,27.43,,125,,,,Female,
22,1,7/25/18,Lab,Chow,2,3,23.25,,157,,,,Female,
23,1,7/25/18,Lab,Chow,2,4,24.19,,143,,,,Female,
24,1,7/25/18,Lab,Chow,3,1,21.65,,166,,,,Female,
25,1,7/25/18,Lab,Chow,3,2,22.15,,114,,,,Female,
26,1,7/25/18,Lab,Chow,3,3,25.95,,199,,,,Female,
27,1,7/25/18,Lab,Chow,3,4,21.53,,147,,,,Female,
1,1,8/2/18,Lab,Fat,1,1,32.96,,224,,,,Female,
2,1,8/2/18,Lab,Fat,1,2,33.29,,170,,,,Female,
3,1,8/2/18,Lab,Fat,1,3,31.26,,222,,,,Female,
4,1,8/2/18,Lab,Fat,1,4,28.82,,143,,,,Female,
5,1,8/2/18,Lab,Fat,1,5,32.21,,209,,,,Female,
6,1,8/2/18,Lab,Fat,2,1,39.1,,218,,,,Female,
7,1,8/2/18,Lab,Fat,2,2,31.5,,186,,,,Female,
8,1,8/2/18,Lab,Fat,2,3,32.63,,148,,,,Female,
9,1,8/2/18,Lab,Fat,2,4,33.1,,230,,,,Female,
10,1,8/2/18,Lab,Fat,2,5,27.99,,225,,,,Female,
11,1,8/2/18,Lab,Fat,3,1,22.38,,124,,,,Female,
12,1,8/2/18,Lab,Fat,3,2,31.05,,172,,,,Female,
13,1,8/2/18,Lab,Fat,3,3,34.55,,184,,,,Female,
14,1,8/2/18,Lab,Fat,3,4,29.56,,196,,,,Female,
15,1,8/2/18,Lab,Fat,3,5,31.31,,175,,,,Female,
16,1,8/2/18,Lab,Chow,1,1,22.62,,125,,,,Female,
17,1,8/2/18,Lab,Chow,1,2,25.3,,121,,,,Female,
18,1,8/2/18,Lab,Chow,1,3,26.82,,,,,,Female,
19,1,8/2/18,Lab,Chow,1,4,22.06,,125,,,,Female,
20,1,8/2/18,Lab,Chow,2,1,23.04,,182,,,,Female,
21,1,8/2/18,Lab,Chow,2,2,28.74,,148,,,,Female,
22,1,8/2/18,Lab,Chow,2,3,21.52,,105,,,,Female,
23,1,8/2/18,Lab,Chow,2,4,23.53,,149,,,,Female,
24,1,8/2/18,Lab,Chow,3,1,22.12,,175,,,,Female,
25,1,8/2/18,Lab,Chow,3,2,24.12,,160,,,,Female,
26,1,8/2/18,Lab,Chow,3,3,27.45,,137,,,,Female,
27,1,8/2/18,Lab,Chow,3,4,23.21,,221,,,,Female,
1,1,8/8/18,Lab,Fat,1,1,34.96,,184,,,,Female,
2,1,8/8/18,Lab,Fat,1,2,35.89,,186,,,,Female,
3,1,8/8/18,Lab,Fat,1,3,32.56,,212,,,,Female,
4,1,8/8/18,Lab,Fat,1,4,30.06,,165,,,,Female,
5,1,8/8/18,Lab,Fat,1,5,34.2,,184,,,,Female,
6,1,8/8/18,Lab,Fat,2,1,40.96,,217,,,,Female,
7,1,8/8/18,Lab,Fat,2,2,32.97,,204,,,,Female,
8,1,8/8/18,Lab,Fat,2,3,34.66,,152,,,,Female,
9,1,8/8/18,Lab,Fat,2,4,34.66,,187,,,,Female,
10,1,8/8/18,Lab,Fat,2,5,30.03,,197,,,,Female,
11,1,8/8/18,Lab,Fat,3,1,25.52,,,,,,Female,
12,1,8/8/18,Lab,Fat,3,2,33.37,,167,,,,Female,
13,1,8/8/18,Lab,Fat,3,3,33.66,,163,,,,Female,
14,1,8/8/18,Lab,Fat,3,4,28.6,,157,,,,Female,
15,1,8/8/18,Lab,Fat,3,5,32.37,,200,,,,Female,
16,1,8/8/18,Lab,Chow,1,1,22.68,,133,,,,Female,
17,1,8/8/18,Lab,Chow,1,2,25.97,,166,,,,Female,
18,1,8/8/18,Lab,Chow,1,3,27.29,,167,,,,Female,
19,1,8/8/18,Lab,Chow,1,4,22.34,,164,,,,Female,
20,1,8/8/18,Lab,Chow,2,1,23.15,,180,,,,Female,
21,1,8/8/18,Lab,Chow,2,2,29.88,,150,,,,Female,
22,1,8/8/18,Lab,Chow,2,3,21.29,,108,,,,Female,
23,1,8/8/18,Lab,Chow,2,4,24.45,,132,,,,Female,
24,1,8/8/18,Lab,Chow,3,1,22.36,,149,,,,Female,
25,1,8/8/18,Lab,Chow,3,2,23.97,,153,,,,Female,
26,1,8/8/18,Lab,Chow,3,3,28.12,,142,,,,Female,
27,1,8/8/18,Lab,Chow,3,4,23.96,,145,,,,Female,
1,1,8/16/18,Lab,Fat,1,1,36.76,,219,,,,Female,
2,1,8/16/18,Lab,Fat,1,2,39.18,,201,,,,Female,
3,1,8/16/18,Lab,Fat,1,3,34.15,,224,,,,Female,
4,1,8/16/18,Lab,Fat,1,4,32.51,,202,,,,Female,
5,1,8/16/18,Lab,Fat,1,5,35.95,,207,,,,Female,
6,1,8/16/18,Lab,Fat,2,1,41.92,,192,,,,Female,
7,1,8/16/18,Lab,Fat,2,2,34.07,,182,,,,Female,
8,1,8/16/18,Lab,Fat,2,3,35.86,,225,,,,Female,
9,1,8/16/18,Lab,Fat,2,4,36.59,,204,,,,Female,
10,1,8/16/18,Lab,Fat,2,5,31.16,,183,,,,Female,
11,1,8/16/18,Lab,Fat,3,1,27.31,,195,,,,Female,
12,1,8/16/18,Lab,Fat,3,2,33.95,,203,,,,Female,
13,1,8/16/18,Lab,Fat,3,3,34.96,,229,,,,Female,
14,1,8/16/18,Lab,Fat,3,4,30.4,,204,,,,Female,
15,1,8/16/18,Lab,Fat,3,5,33.24,,226,,,,Female,
16,1,8/16/18,Lab,Chow,1,1,23.43,,151,,,,Female,
17,1,8/16/18,Lab,Chow,1,2,25.67,,179,,,,Female,
18,1,8/16/18,Lab,Chow,1,3,29.36,,163,,,,Female,
19,1,8/16/18,Lab,Chow,1,4,22.08,,181,,,,Female,
20,1,8/16/18,Lab,Chow,2,1,24.07,,167,,,,Female,
21,1,8/16/18,Lab,Chow,2,2,30.34,,173,,,,Female,
22,1,8/16/18,Lab,Chow,2,3,23.18,,11,,,,Female,
23,1,8/16/18,Lab,Chow,2,4,25.22,,139,,,,Female,
24,1,8/16/18,Lab,Chow,3,1,23.36,,161,,,,Female,
25,1,8/16/18,Lab,Chow,3,2,25.52,,147,,,,Female,
26,1,8/16/18,Lab,Chow,3,3,29.58,,132,,,,Female,
27,1,8/16/18,Lab,Chow,3,4,23.49,,150,,,,Female,
1,1,6/19/18,Wild,Fat,1,1,21.6,,121,,,,Female,
2,1,6/19/18,Wild,Fat,1,2,19.55,,161,,,,Female,
3,1,6/19/18,Wild,Fat,1,3,18.44,,131,,,,Female,
4,1,6/19/18,Wild,Fat,1,4,20.45,,151,,,,Female,
5,1,6/19/18,Wild,Fat,1,5,20.42,,171,,,,Female,
6,1,6/19/18,Wild,Fat,2,1,18.85,,148,,,,Female,
7,1,6/19/18,Wild,Fat,2,2,19.3,,109,,,,Female,
8,1,6/19/18,Wild,Fat,2,3,19.5,,164,,,,Female,
9,1,6/19/18,Wild,Fat,2,4,18.77,,159,,,,Female,
10,1,6/19/18,Wild,Fat,2,5,19.05,,136,,,,Female,
11,1,6/19/18,Wild,Fat,3,1,19.2,,129,,,,Female,
12,1,6/19/18,Wild,Fat,3,2,19.62,,160,,,,Female,
13,1,6/19/18,Wild,Fat,3,3,20.2,,166,,,,Female,
14,1,6/19/18,Wild,Fat,3,4,17.9,,160,,,,Female,
15,1,6/19/18,Wild,Fat,3,5,18.9,,150,,,,Female,
16,1,6/19/18,Wild,Fat,4,1,19.2,,162,,,,Female,
17,1,6/19/18,Wild,Fat,4,2,19.62,,181,,,,Female,
18,1,6/19/18,Wild,Fat,4,3,18.9,,157,,,,Female,
19,1,6/19/18,Wild,Fat,4,4,17.9,,127,,,,Female,
20,1,6/19/18,Wild,Fat,4,5,18.9,,155,,,,Female,
21,1,6/19/18,Wild,Chow,1,1,20.02,,160,,,,Female,
22,1,6/19/18,Wild,Chow,1,2,19.72,,158,,,,Female,
23,1,6/19/18,Wild,Chow,1,3,20.02,,153,,,,Female,
24,1,6/19/18,Wild,Chow,1,4,20.08,,146,,,,Female,
25,1,6/19/18,Wild,Chow,1,5,19.1,,147,,,,Female,
26,1,6/19/18,Wild,Chow,2,1,18.23,,203,,,,Female,
27,1,6/19/18,Wild,Chow,2,2,18.4,,131,,,,Female,
28,1,6/19/18,Wild,Chow,2,3,19.2,,132,,,,Female,
29,1,6/19/18,Wild,Chow,2,4,19.55,,215,,,,Female,
30,1,6/19/18,Wild,Chow,2,5,17.3,,160,,,,Female,
1,1,6/25/18,Wild,Fat,1,1,19.3,,193,,,,Female,
2,1,6/25/18,Wild,Fat,1,2,19.82,,155,,,,Female,
3,1,6/25/18,Wild,Fat,1,3,19.8,,188,,,,Female,
4,1,6/25/18,Wild,Fat,1,4,18.74,,173,,,,Female,
5,1,6/25/18,Wild,Fat,1,5,19.6,,265,,,,Female,
6,1,6/25/18,Wild,Fat,2,1,21.62,,188,,,,Female,
7,1,6/25/18,Wild,Fat,2,2,20.1,,112,,,,Female,
8,1,6/25/18,Wild,Fat,2,3,19.89,,188,,,,Female,
9,1,6/25/18,Wild,Fat,2,4,21.26,,223,,,,Female,
10,1,6/25/18,Wild,Fat,2,5,19.86,,157,,,,Female,
11,1,6/25/18,Wild,Fat,3,1,19.44,,142,,,,Female,
12,1,6/25/18,Wild,Fat,3,2,20.44,,147,,,,Female,
13,1,6/25/18,Wild,Fat,3,3,20.06,,171,,,,Female,
14,1,6/25/18,Wild,Fat,3,4,19.52,,181,,,,Female,
15,1,6/25/18,Wild,Fat,3,5,19.5,,272,,,,Female,
16,1,6/25/18,Wild,Fat,4,1,19.58,,132,,,,Female,
17,1,6/25/18,Wild,Fat,4,2,21.6,,197,,,,Female,
18,1,6/25/18,Wild,Fat,4,3,21.46,,153,,,,Female,
19,1,6/25/18,Wild,Fat,4,4,18.97,,160,,,,Female,
20,1,6/25/18,Wild,Fat,4,5,21.67,,155,,,,Female,
21,1,6/25/18,Wild,Chow,1,1,21.67,,157,,,,Female,
22,1,6/25/18,Wild,Chow,1,2,21.33,,163,,,,Female,
23,1,6/25/18,Wild,Chow,1,3,19.06,,148,,,,Female,
24,1,6/25/18,Wild,Chow,1,4,20.22,,148,,,,Female,
25,1,6/25/18,Wild,Chow,1,5,20.02,,146,,,,Female,
26,1,6/25/18,Wild,Chow,2,1,19.64,,145,,,,Female,
27,1,6/25/18,Wild,Chow,2,2,21.32,,131,,,,Female,
28,1,6/25/18,Wild,Chow,2,3,21.82,,142,,,,Female,
29,1,6/25/18,Wild,Chow,2,4,21.6,,177,,,,Female,
30,1,6/25/18,Wild,Chow,2,5,15.03,,150,,,,Female,
1,1,7/2/18,Wild,Fat,1,1,20.9,,154,,,,Female,
2,1,7/2/18,Wild,Fat,1,2,20.36,,175,,,,Female,
3,1,7/2/18,Wild,Fat,1,3,20.35,,139,,,,Female,
4,1,7/2/18,Wild,Fat,1,4,19.84,,145,,,,Female,
5,1,7/2/18,Wild,Fat,1,5,18.54,,149,,,,Female,
6,1,7/2/18,Wild,Fat,2,1,22.4,,138,,,,Female,
7,1,7/2/18,Wild,Fat,2,2,20.06,,131,,,,Female,
8,1,7/2/18,Wild,Fat,2,3,22.25,,153,,,,Female,
9,1,7/2/18,Wild,Fat,2,4,21.6,,151,,,,Female,
10,1,7/2/18,Wild,Fat,2,5,20.55,,170,,,,Female,
11,1,7/2/18,Wild,Fat,3,1,20.54,,149,,,,Female,
12,1,7/2/18,Wild,Fat,3,2,19.62,,125,,,,Female,
13,1,7/2/18,Wild,Fat,3,3,20.34,,101,,,,Female,
14,1,7/2/18,Wild,Fat,3,4,19.26,,138,,,,Female,
15,1,7/2/18,Wild,Fat,3,5,19.99,,132,,,,Female,
16,1,7/2/18,Wild,Fat,4,1,22.87,,126,,,,Female,
17,1,7/2/18,Wild,Fat,4,2,20.41,,152,,,,Female,
18,1,7/2/18,Wild,Fat,4,3,21.96,,135,,,,Female,
19,1,7/2/18,Wild,Fat,4,4,19.83,,158,,,,Female,
20,1,7/2/18,Wild,Fat,4,5,23.22,,159,,,,Female,
21,1,7/2/18,Wild,Chow,1,1,20.27,,144,,,,Female,
22,1,7/2/18,Wild,Chow,1,2,20.76,,141,,,,Female,
23,1,7/2/18,Wild,Chow,1,3,22.01,,161,,,,Female,
24,1,7/2/18,Wild,Chow,1,4,20.9,,153,,,,Female,
25,1,7/2/18,Wild,Chow,1,5,19.62,,125,,,,Female,
26,1,7/2/18,Wild,Chow,2,1,20.93,,117,,,,Female,
27,1,7/2/18,Wild,Chow,2,2,20.58,,126,,,,Female,
28,1,7/2/18,Wild,Chow,2,3,21.9,,21.9,,,,Female,
29,1,7/2/18,Wild,Chow,2,4,20.95,,136,,,,Female,
30,1,7/2/18,Wild,Chow,2,5,15.32,,145,,,,Female,
1,1,7/12/18,Wild,Fat,1,1,20.73,,121,,,,Female,
2,1,7/12/18,Wild,Fat,1,2,20.8,,136,,,,Female,
3,1,7/12/18,Wild,Fat,1,3,20.59,,160,,,,Female,
4,1,7/12/18,Wild,Fat,1,4,18.66,,150,,,,Female,
5,1,7/12/18,Wild,Fat,1,5,21.43,,154,,,,Female,
6,1,7/12/18,Wild,Fat,2,1,23.8,,135,,,,Female,
7,1,7/12/18,Wild,Fat,2,2,20.79,,130,,,,Female,
8,1,7/12/18,Wild,Fat,2,3,22.07,,137,,,,Female,
9,1,7/12/18,Wild,Fat,2,4,21.89,,162,,,,Female,
10,1,7/12/18,Wild,Fat,2,5,20.52,,136,,,,Female,
11,1,7/12/18,Wild,Fat,3,1,20.83,,87,,,,Female,
12,1,7/12/18,Wild,Fat,3,2,20.12,,127,,,,Female,
13,1,7/12/18,Wild,Fat,3,3,21.09,,142,,,,Female,
14,1,7/12/18,Wild,Fat,3,4,22.14,,145,,,,Female,
15,1,7/12/18,Wild,Fat,3,5,21.13,,136,,,,Female,
16,1,7/12/18,Wild,Fat,4,1,22.54,,148,,,,Female,
17,1,7/12/18,Wild,Fat,4,2,21.29,,108,,,,Female,
18,1,7/12/18,Wild,Fat,4,3,23.39,,137,,,,Female,
19,1,7/12/18,Wild,Fat,4,4,20.16,,113,,,,Female,
20,1,7/12/18,Wild,Fat,4,5,25.57,,165,,,,Female,
21,1,7/12/18,Wild,Chow,1,1,21.38,,128,,,,Female,
22,1,7/12/18,Wild,Chow,1,2,20.83,,153,,,,Female,
23,1,7/12/18,Wild,Chow,1,3,20.2,,131,,,,Female,
24,1,7/12/18,Wild,Chow,1,4,21.47,,142,,,,Female,
25,1,7/12/18,Wild,Chow,1,5,20.08,,130,,,,Female,
26,1,7/12/18,Wild,Chow,2,1,21.03,,125,,,,Female,
27,1,7/12/18,Wild,Chow,2,2,21.35,,141,,,,Female,
28,1,7/12/18,Wild,Chow,2,3,22.05,,147,,,,Female,
29,1,7/12/18,Wild,Chow,2,4,21.3,,122,,,,Female,
30,1,7/12/18,Wild,Chow,2,5,17.53,,107,,,,Female,
1,1,7/20/18,Wild,Fat,1,1,21.19,,179,,,,Female,
2,1,7/20/18,Wild,Fat,1,2,21.47,,205,,,,Female,
3,1,7/20/18,Wild,Fat,1,3,20.79,,164,,,,Female,
4,1,7/20/18,Wild,Fat,1,4,19.4,,160,,,,Female,
5,1,7/20/18,Wild,Fat,1,5,20.29,,154,,,,Female,
6,1,7/20/18,Wild,Fat,2,1,26.94,,197,,,,Female,
7,1,7/20/18,Wild,Fat,2,2,20.74,,168,,,,Female,
8,1,7/20/18,Wild,Fat,2,3,22.53,,152,,,,Female,
9,1,7/20/18,Wild,Fat,2,4,24.33,,157,,,,Female,
10,1,7/20/18,Wild,Fat,2,5,20.88,,193,,,,Female,
11,1,7/20/18,Wild,Fat,3,1,21.54,,149,,,,Female,
12,1,7/20/18,Wild,Fat,3,2,21.8,,158,,,,Female,
13,1,7/20/18,Wild,Fat,3,3,22.91,,180,,,,Female,
14,1,7/20/18,Wild,Fat,3,4,20.49,,132,,,,Female,
15,1,7/20/18,Wild,Fat,3,5,20.76,,223,,,,Female,
16,1,7/20/18,Wild,Fat,4,1,23.88,,164,,,,Female,
17,1,7/20/18,Wild,Fat,4,2,24.46,,202,,,,Female,
18,1,7/20/18,Wild,Fat,4,3,25.2,,176,,,,Female,
19,1,7/20/18,Wild,Fat,4,4,21.05,,164,,,,Female,
20,1,7/20/18,Wild,Fat,4,5,26.99,,150,,,,Female,
21,1,7/20/18,Wild,Chow,1,1,22.63,,161,,,,Female,
22,1,7/20/18,Wild,Chow,1,2,21.99,,155,,,,Female,
23,1,7/20/18,Wild,Chow,1,3,20.78,,120,,,,Female,
24,1,7/20/18,Wild,Chow,1,4,22.21,,143,,,,Female,
25,1,7/20/18,Wild,Chow,1,5,21.45,,121,,,,Female,
26,1,7/20/18,Wild,Chow,2,1,21.98,,114,,,,Female,
27,1,7/20/18,Wild,Chow,2,2,22.8,,163,,,,Female,
28,1,7/20/18,Wild,Chow,2,3,23.84,,189,,,,Female,
29,1,7/20/18,Wild,Chow,2,4,22.07,,116,,,,Female,
30,1,7/20/18,Wild,Chow,2,5,17.87,,132,,,,Female,
1,1,7/26/18,Wild,Fat,1,1,21.12,,191,,,,Female,
2,1,7/26/18,Wild,Fat,1,2,22.75,,192,,,,Female,
3,1,7/26/18,Wild,Fat,1,3,20.42,,158,,,,Female,
4,1,7/26/18,Wild,Fat,1,4,19.88,,177,,,,Female,
5,1,7/26/18,Wild,Fat,1,5,20.15,,214,,,,Female,
6,1,7/26/18,Wild,Fat,2,1,22.95,,112,,,,Female,
7,1,7/26/18,Wild,Fat,2,2,20.32,,155,,,,Female,
8,1,7/26/18,Wild,Fat,2,3,22.49,,184,,,,Female,
9,1,7/26/18,Wild,Fat,2,4,21.2,,164,,,,Female,
10,1,7/26/18,Wild,Fat,2,5,21.27,,141,,,,Female,
11,1,7/26/18,Wild,Fat,3,1,21.8,,184,,,,Female,
12,1,7/26/18,Wild,Fat,3,2,24.39,,187,,,,Female,
13,1,7/26/18,Wild,Fat,3,3,23.82,,184,,,,Female,
14,1,7/26/18,Wild,Fat,3,4,23.22,,,,,,Female,
15,1,7/26/18,Wild,Fat,3,5,22.16,,243,,,,Female,
16,1,7/26/18,Wild,Fat,4,1,24.09,,181,,,,Female,
17,1,7/26/18,Wild,Fat,4,2,23.42,,176,,,,Female,
18,1,7/26/18,Wild,Fat,4,3,26.11,,146,,,,Female,
19,1,7/26/18,Wild,Fat,4,4,23.3,,179,,,,Female,
20,1,7/26/18,Wild,Fat,4,5,27.46,,164,,,,Female,
21,1,7/26/18,Wild,Chow,1,1,23.04,,163,,,,Female,
22,1,7/26/18,Wild,Chow,1,2,22.57,,157,,,,Female,
23,1,7/26/18,Wild,Chow,1,3,20.71,,173,,,,Female,
24,1,7/26/18,Wild,Chow,1,4,22.37,,155,,,,Female,
25,1,7/26/18,Wild,Chow,1,5,21.33,,173,,,,Female,
26,1,7/26/18,Wild,Chow,2,1,22.34,,145,,,,Female,
27,1,7/26/18,Wild,Chow,2,2,22.03,,180,,,,Female,
28,1,7/26/18,Wild,Chow,2,3,24.82,,153,,,,Female,
29,1,7/26/18,Wild,Chow,2,4,22.32,,185,,,,Female,
30,1,7/26/18,Wild,Chow,2,5,22.16,,143,,,,Female,
1,1,8/3/18,Wild,Fat,1,1,21.01,,179,,,,Female,
2,1,8/3/18,Wild,Fat,1,2,24.63,,199,,,,Female,
3,1,8/3/18,Wild,Fat,1,3,21.07,,164,,,,Female,
4,1,8/3/18,Wild,Fat,1,4,20.28,,202,,,,Female,
5,1,8/3/18,Wild,Fat,1,5,21.45,,175,,,,Female,
6,1,8/3/18,Wild,Fat,2,1,25.36,,194,,,,Female,
7,1,8/3/18,Wild,Fat,2,2,20.43,,154,,,,Female,
8,1,8/3/18,Wild,Fat,2,3,24.4,,190,,,,Female,
9,1,8/3/18,Wild,Fat,2,4,23.13,,138,,,,Female,
10,1,8/3/18,Wild,Fat,2,5,22.12,,205,,,,Female,
11,1,8/3/18,Wild,Fat,3,1,21.53,,201,,,,Female,
12,1,8/3/18,Wild,Fat,3,2,27.82,,194,,,,Female,
13,1,8/3/18,Wild,Fat,3,3,24.6,,163,,,,Female,
14,1,8/3/18,Wild,Fat,3,4,20.95,,148,,,,Female,
15,1,8/3/18,Wild,Fat,3,5,23.47,,168,,,,Female,
16,1,8/3/18,Wild,Fat,4,1,24.11,,186,,,,Female,
17,1,8/3/18,Wild,Fat,4,2,23.11,,199,,,,Female,
18,1,8/3/18,Wild,Fat,4,3,29.09,,169,,,,Female,
19,1,8/3/18,Wild,Fat,4,4,20.3,,115,,,,Female,
20,1,8/3/18,Wild,Fat,4,5,28.55,,180,,,,Female,
21,1,8/3/18,Wild,Chow,1,1,23.47,,150,,,,Female,
22,1,8/3/18,Wild,Chow,1,2,22.45,,156,,,,Female,
23,1,8/3/18,Wild,Chow,1,3,21.05,,117,,,,Female,
24,1,8/3/18,Wild,Chow,1,4,22.56,,170,,,,Female,
25,1,8/3/18,Wild,Chow,1,5,21.45,,102,,,,Female,
26,1,8/3/18,Wild,Chow,2,1,20.93,,149,,,,Female,
27,1,8/3/18,Wild,Chow,2,2,21.01,,190,,,,Female,
28,1,8/3/18,Wild,Chow,2,3,23.36,,122,,,,Female,
29,1,8/3/18,Wild,Chow,2,4,20.88,,143,,,,Female,
30,1,8/3/18,Wild,Chow,2,5,17.14,,102,,,,Female,
1,1,8/9/18,Wild,Fat,1,1,21.55,,138,,,,Female,
2,1,8/9/18,Wild,Fat,1,2,27.75,,181,,,,Female,
3,1,8/9/18,Wild,Fat,1,3,22.14,,189,,,,Female,
4,1,8/9/18,Wild,Fat,1,4,19.63,,135,,,,Female,
5,1,8/9/18,Wild,Fat,1,5,20.23,,172,,,,Female,
6,1,8/9/18,Wild,Fat,2,1,28.09,,188,,,,Female,
7,1,8/9/18,Wild,Fat,2,2,20.68,,170,,,,Female,
8,1,8/9/18,Wild,Fat,2,3,22.94,,127,,,,Female,
9,1,8/9/18,Wild,Fat,2,4,26.31,,222,,,,Female,
10,1,8/9/18,Wild,Fat,2,5,22.52,,185,,,,Female,
11,1,8/9/18,Wild,Fat,3,1,25.37,,233,,,,Female,
12,1,8/9/18,Wild,Fat,3,2,21.64,,142,,,,Female,
13,1,8/9/18,Wild,Fat,3,3,28.42,,217,,,,Female,
14,1,8/9/18,Wild,Fat,3,4,24.69,,156,,,,Female,
15,1,8/9/18,Wild,Fat,3,5,23.27,,,,,,Female,
16,1,8/9/18,Wild,Fat,4,1,23.96,,167,,,,Female,
17,1,8/9/18,Wild,Fat,4,2,25.8,,186,,,,Female,
18,1,8/9/18,Wild,Fat,4,3,28.75,,198,,,,Female,
19,1,8/9/18,Wild,Fat,4,4,22.14,,173,,,,Female,
20,1,8/9/18,Wild,Fat,4,5,30.33,,200,,,,Female,
21,1,8/9/18,Wild,Chow,1,1,22.84,,119,,,,Female,
22,1,8/9/18,Wild,Chow,1,2,22.71,,149,,,,Female,
23,1,8/9/18,Wild,Chow,1,3,20.82,,167,,,,Female,
24,1,8/9/18,Wild,Chow,1,4,22.64,,174,,,,Female,
25,1,8/9/18,Wild,Chow,1,5,21.53,,150,,,,Female,
26,1,8/9/18,Wild,Chow,2,1,22.54,,153,,,,Female,
27,1,8/9/18,Wild,Chow,2,2,22.44,,158,,,,Female,
28,1,8/9/18,Wild,Chow,2,3,25.16,,144,,,,Female,
29,1,8/9/18,Wild,Chow,2,4,23.04,,159,,,,Female,
30,1,8/9/18,Wild,Chow,2,5,18.76,,108,,,,Female,
1,2,7/11/18,Lab,Fat,1,1,19.35,,186,,,,Female,
2,2,7/11/18,Lab,Fat,1,2,17.56,,154,,,,Female,
3,2,7/11/18,Lab,Fat,1,3,18.4,,171,,,,Female,
4,2,7/11/18,Lab,Fat,1,4,20.33,,170,,,,Female,
5,2,7/11/18,Lab,Fat,1,5,18.73,,170,,,,Female,
6,2,7/11/18,Lab,Fat,2,1,18.86,,150,,,,Female,
7,2,7/11/18,Lab,Fat,2,2,17.14,,148,,,,Female,
8,2,7/11/18,Lab,Fat,2,3,20.18,,162,,,,Female,
9,2,7/11/18,Lab,Fat,2,4,17.38,,177,,,,Female,
10,2,7/11/18,Lab,Fat,2,5,17.22,,150,,,,Female,
11,2,7/11/18,Lab,Fat,3,1,19.78,,111,,,,Female,
12,2,7/11/18,Lab,Fat,3,2,19.16,,130,,,,Female,
13,2,7/11/18,Lab,Fat,3,3,18.79,,155,,,,Female,
14,2,7/11/18,Lab,Fat,3,4,18.4,,153,,,,Female,
15,2,7/11/18,Lab,Fat,3,5,17.28,,149,,,,Female,
16,2,7/11/18,Lab,Fat,4,1,17.9,,107,,,,Female,
17,2,7/11/18,Lab,Fat,4,2,19.18,,163,,,,Female,
18,2,7/11/18,Lab,Fat,4,3,18.09,,159,,,,Female,
19,2,7/11/18,Lab,Fat,4,4,18.84,,195,,,,Female,
20,2,7/11/18,Lab,Fat,4,5,17.78,,187,,,,Female,
21,2,7/11/18,Lab,Chow,1,1,17.58,,105,,,,Female,
22,2,7/11/18,Lab,Chow,1,2,19.99,,133,,,,Female,
23,2,7/11/18,Lab,Chow,1,3,18.82,,151,,,,Female,
24,2,7/11/18,Lab,Chow,1,4,17.19,,181,,,,Female,
25,2,7/11/18,Lab,Chow,1,5,20.83,,173,,,,Female,
26,2,7/11/18,Lab,Chow,2,1,18.84,,81,,,,Female,
27,2,7/11/18,Lab,Chow,2,2,18.28,,109,,,,Female,
28,2,7/11/18,Lab,Chow,2,3,18.71,,106,,,,Female,
29,2,7/11/18,Lab,Chow,2,4,18.09,,167,,,,Female,
30,2,7/11/18,Lab,Chow,2,5,18.08,,132,,,,Female,
31,2,7/11/18,Lab,Chow,3,1,19.58,,123,,,,Female,
32,2,7/11/18,Lab,Chow,3,2,19.98,,149,,,,Female,
33,2,7/11/18,Lab,Chow,3,3,20.05,,144,,,,Female,
34,2,7/11/18,Lab,Chow,3,4,18.31,,173,,,,Female,
35,2,7/11/18,Lab,Chow,3,5,17.8,,18,,,,Female,
1,2,7/18/18,Lab,Fat,1,1,19.06,,100,,,,Female,
2,2,7/18/18,Lab,Fat,1,2,19.1,,183,,,,Female,
3,2,7/18/18,Lab,Fat,1,3,18.59,,249,,,,Female,
4,2,7/18/18,Lab,Fat,1,4,20.92,,148,,,,Female,
5,2,7/18/18,Lab,Fat,1,5,18.87,,154,,,,Female,
6,2,7/18/18,Lab,Fat,2,1,19.89,,197,,,,Female,
7,2,7/18/18,Lab,Fat,2,2,18.19,,123,,,,Female,
8,2,7/18/18,Lab,Fat,2,3,21.58,,214,,,,Female,
9,2,7/18/18,Lab,Fat,2,4,19.48,,198,,,,Female,
10,2,7/18/18,Lab,Fat,2,5,18.44,,141,,,,Female,
11,2,7/18/18,Lab,Fat,3,1,19.88,,100,,,,Female,
12,2,7/18/18,Lab,Fat,3,2,21.71,,146,,,,Female,
13,2,7/18/18,Lab,Fat,3,3,19.93,,116,,,,Female,
14,2,7/18/18,Lab,Fat,3,4,22.22,,172,,,,Female,
15,2,7/18/18,Lab,Fat,3,5,17.23,,176,,,,Female,
16,2,7/18/18,Lab,Fat,4,1,19.29,,99,,,,Female,
17,2,7/18/18,Lab,Fat,4,2,18.88,,170,,,,Female,
18,2,7/18/18,Lab,Fat,4,3,18.34,,147,,,,Female,
19,2,7/18/18,Lab,Fat,4,4,19.63,,188,,,,Female,
20,2,7/18/18,Lab,Fat,4,5,18.02,,152,,,,Female,
21,2,7/18/18,Lab,Chow,1,1,17.19,,137,,,,Female,
22,2,7/18/18,Lab,Chow,1,2,19.88,,164,,,,Female,
23,2,7/18/18,Lab,Chow,1,3,19.82,,133,,,,Female,
24,2,7/18/18,Lab,Chow,1,4,17.89,,159,,,,Female,
25,2,7/18/18,Lab,Chow,1,5,20.63,,174,,,,Female,
26,2,7/18/18,Lab,Chow,2,1,19.6,,150,,,,Female,
27,2,7/18/18,Lab,Chow,2,2,18.69,,156,,,,Female,
28,2,7/18/18,Lab,Chow,2,3,19.91,,128,,,,Female,
29,2,7/18/18,Lab,Chow,2,4,18.55,,159,,,,Female,
30,2,7/18/18,Lab,Chow,2,5,19.36,,135,,,,Female,
31,2,7/18/18,Lab,Chow,3,1,20.68,,158,,,,Female,
32,2,7/18/18,Lab,Chow,3,2,21.88,,144,,,,Female,
33,2,7/18/18,Lab,Chow,3,3,20.98,,137,,,,Female,
34,2,7/18/18,Lab,Chow,3,4,19.33,,154,,,,Female,
35,2,7/18/18,Lab,Chow,3,5,19.52,,151,,,,Female,
1,2,7/25/18,Lab,Fat,1,1,20.84,,132,,,,Female,
2,2,7/25/18,Lab,Fat,1,2,20.66,,161,,,,Female,
3,2,7/25/18,Lab,Fat,1,3,20.98,,176,,,,Female,
4,2,7/25/18,Lab,Fat,1,4,22.85,,112,,,,Female,
5,2,7/25/18,Lab,Fat,1,5,20.36,,166,,,,Female,
6,2,7/25/18,Lab,Fat,2,1,21.23,,162,,,,Female,
7,2,7/25/18,Lab,Fat,2,2,19.65,,,,,,Female,
8,2,7/25/18,Lab,Fat,2,3,22.53,,148,,,,Female,
9,2,7/25/18,Lab,Fat,2,4,19.72,,194,,,,Female,
10,2,7/25/18,Lab,Fat,2,5,19.49,,133,,,,Female,
11,2,7/25/18,Lab,Fat,3,1,21.95,,147,,,,Female,
12,2,7/25/18,Lab,Fat,3,2,22.26,,154,,,,Female,
13,2,7/25/18,Lab,Fat,3,3,22.1,,149,,,,Female,
14,2,7/25/18,Lab,Fat,3,4,25.3,,170,,,,Female,
15,2,7/25/18,Lab,Fat,3,5,18.68,,136,,,,Female,
16,2,7/25/18,Lab,Fat,4,1,19.56,,162,,,,Female,
17,2,7/25/18,Lab,Fat,4,2,20.89,,160,,,,Female,
18,2,7/25/18,Lab,Fat,4,3,20.44,,175,,,,Female,
19,2,7/25/18,Lab,Fat,4,4,22.5,,159,,,,Female,
20,2,7/25/18,Lab,Fat,4,5,20.43,,151,,,,Female,
21,2,7/25/18,Lab,Chow,1,1,,,,,,,Female,
22,2,7/25/18,Lab,Chow,1,2,,,,,,,Female,
23,2,7/25/18,Lab,Chow,1,3,,,,,,,Female,
24,2,7/25/18,Lab,Chow,1,4,,,,,,,Female,
25,2,7/25/18,Lab,Chow,1,5,,,,,,,Female,
26,2,7/25/18,Lab,Chow,2,1,,,,,,,Female,
27,2,7/25/18,Lab,Chow,2,2,,,,,,,Female,
28,2,7/25/18,Lab,Chow,2,3,,,,,,,Female,
29,2,7/25/18,Lab,Chow,2,4,,,,,,,Female,
30,2,7/25/18,Lab,Chow,2,5,,,,,,,Female,
31,2,7/25/18,Lab,Chow,3,1,,,,,,,Female,
32,2,7/25/18,Lab,Chow,3,2,,,,,,,Female,
33,2,7/25/18,Lab,Chow,3,3,,,,,,,Female,
34,2,7/25/18,Lab,Chow,3,4,,,,,,,Female,
35,2,7/25/18,Lab,Chow,3,5,,,,,,,Female,
1,2,8/2/18,Lab,Fat,1,1,22.08,,167,,,,Female,
2,2,8/2/18,Lab,Fat,1,2,22.68,,183,,,,Female,
3,2,8/2/18,Lab,Fat,1,3,21.98,,169,,,,Female,
4,2,8/2/18,Lab,Fat,1,4,23.51,,180,,,,Female,
5,2,8/2/18,Lab,Fat,1,5,19.78,,205,,,,Female,
6,2,8/2/18,Lab,Fat,2,1,22.01,,124,,,,Female,
7,2,8/2/18,Lab,Fat,2,2,21.08,,204,,,,Female,
8,2,8/2/18,Lab,Fat,2,3,22.7,,158,,,,Female,
9,2,8/2/18,Lab,Fat,2,4,19.82,,172,,,,Female,
10,2,8/2/18,Lab,Fat,2,5,21.22,,211,,,,Female,
11,2,8/2/18,Lab,Fat,3,1,22.86,,169,,,,Female,
12,2,8/2/18,Lab,Fat,3,2,24.01,,160,,,,Female,
13,2,8/2/18,Lab,Fat,3,3,25.47,,178,,,,Female,
14,2,8/2/18,Lab,Fat,3,4,24.35,,162,,,,Female,
15,2,8/2/18,Lab,Fat,3,5,19.58,,166,,,,Female,
16,2,8/2/18,Lab,Fat,4,1,23.2,,167,,,,Female,
17,2,8/2/18,Lab,Fat,4,2,21.48,,150,,,,Female,
18,2,8/2/18,Lab,Fat,4,3,22.48,,175,,,,Female,
19,2,8/2/18,Lab,Fat,4,4,24.08,,176,,,,Female,
20,2,8/2/18,Lab,Fat,4,5,20.73,,168,,,,Female,
21,2,8/2/18,Lab,Chow,1,1,19.17,,174,,,,Female,
22,2,8/2/18,Lab,Chow,1,2,22.29,,157,,,,Female,
23,2,8/2/18,Lab,Chow,1,3,21.64,,169,,,,Female,
24,2,8/2/18,Lab,Chow,1,4,19.04,,188,,,,Female,
25,2,8/2/18,Lab,Chow,1,5,21.93,,204,,,,Female,
26,2,8/2/18,Lab,Chow,2,1,19.48,,144,,,,Female,
27,2,8/2/18,Lab,Chow,2,2,20.33,,191,,,,Female,
28,2,8/2/18,Lab,Chow,2,3,20.08,,139,,,,Female,
29,2,8/2/18,Lab,Chow,2,4,19.77,,121,,,,Female,
30,2,8/2/18,Lab,Chow,2,5,19.64,,147,,,,Female,
31,2,8/2/18,Lab,Chow,3,1,21.44,,113,,,,Female,
32,2,8/2/18,Lab,Chow,3,2,22.95,,156,,,,Female,
33,2,8/2/18,Lab,Chow,3,3,22.91,,134,,,,Female,
34,2,8/2/18,Lab,Chow,3,4,19.97,,160,,,,Female,
35,2,8/2/18,Lab,Chow,3,5,21.19,,123,,,,Female,
1,2,8/8/18,Lab,Fat,1,1,22.03,,141,,,,Female,
2,2,8/8/18,Lab,Fat,1,2,24.55,,183,,,,Female,
3,2,8/8/18,Lab,Fat,1,3,23.02,,186,,,,Female,
4,2,8/8/18,Lab,Fat,1,4,24.68,,197,,,,Female,
5,2,8/8/18,Lab,Fat,1,5,19.74,,173,,,,Female,
6,2,8/8/18,Lab,Fat,2,1,22.17,,158,,,,Female,
7,2,8/8/18,Lab,Fat,2,2,22.38,,156,,,,Female,
8,2,8/8/18,Lab,Fat,2,3,23.15,,192,,,,Female,
9,2,8/8/18,Lab,Fat,2,4,21.25,,183,,,,Female,
10,2,8/8/18,Lab,Fat,2,5,23.06,,156,,,,Female,
11,2,8/8/18,Lab,Fat,3,1,24.94,,180,,,,Female,
12,2,8/8/18,Lab,Fat,3,2,25.89,,196,,,,Female,
13,2,8/8/18,Lab,Fat,3,3,29.34,,175,,,,Female,
14,2,8/8/18,Lab,Fat,3,4,26.75,,212,,,,Female,
15,2,8/8/18,Lab,Fat,3,5,20.74,,157,,,,Female,
16,2,8/8/18,Lab,Fat,4,1,25.02,,152,,,,Female,
17,2,8/8/18,Lab,Fat,4,2,22.32,,149,,,,Female,
18,2,8/8/18,Lab,Fat,4,3,22.88,,169,,,,Female,
19,2,8/8/18,Lab,Fat,4,4,25.33,,168,,,,Female,
20,2,8/8/18,Lab,Fat,4,5,21.33,,,,,,Female,
21,2,8/8/18,Lab,Chow,1,1,18.53,,177,,,,Female,
22,2,8/8/18,Lab,Chow,1,2,23.77,,136,,,,Female,
23,2,8/8/18,Lab,Chow,1,3,21.52,,159,,,,Female,
24,2,8/8/18,Lab,Chow,1,4,18.8,,128,,,,Female,
25,2,8/8/18,Lab,Chow,1,5,21.64,,179,,,,Female,
26,2,8/8/18,Lab,Chow,2,1,19.68,,165,,,,Female,
27,2,8/8/18,Lab,Chow,2,2,20.44,,180,,,,Female,
28,2,8/8/18,Lab,Chow,2,3,21.5,,144,,,,Female,
29,2,8/8/18,Lab,Chow,2,4,19.89,,157,,,,Female,
30,2,8/8/18,Lab,Chow,2,5,22.04,,128,,,,Female,
31,2,8/8/18,Lab,Chow,3,1,21.61,,163,,,,Female,
32,2,8/8/18,Lab,Chow,3,2,23.84,,165,,,,Female,
33,2,8/8/18,Lab,Chow,3,3,22.62,,108,,,,Female,
34,2,8/8/18,Lab,Chow,3,4,20.1,,177,,,,Female,
35,2,8/8/18,Lab,Chow,3,5,20.85,,167,,,,Female,
1,2,8/16/18,Lab,Fat,1,1,24.98,37.5,201,,,,Female,
2,2,8/16/18,Lab,Fat,1,2,28.35,37.1,206,,,,Female,
3,2,8/16/18,Lab,Fat,1,3,24.74,36.5,161,,,,Female,
4,2,8/16/18,Lab,Fat,1,4,28.18,37.2,192,,,,Female,
5,2,8/16/18,Lab,Fat,1,5,22.08,37.7,207,,,,Female,
6,2,8/16/18,Lab,Fat,2,1,24.56,37.3,195,,,,Female,
7,2,8/16/18,Lab,Fat,2,2,23.33,,207,,,,Female,
8,2,8/16/18,Lab,Fat,2,3,25.3,37.1,167,,,,Female,
9,2,8/16/18,Lab,Fat,2,4,22.7,37.3,173,,,,Female,
10,2,8/16/18,Lab,Fat,2,5,24.86,37.6,181,,,,Female,
11,2,8/16/18,Lab,Fat,3,1,26.25,37.2,185,,,,Female,
12,2,8/16/18,Lab,Fat,3,2,29.22,37.5,225,,,,Female,
13,2,8/16/18,Lab,Fat,3,3,32.23,36.5,203,,,,Female,
14,2,8/16/18,Lab,Fat,3,4,29.92,37.2,187,,,,Female,
15,2,8/16/18,Lab,Fat,3,5,21.79,37.2,204,,,,Female,
16,2,8/16/18,Lab,Fat,4,1,27.99,37.8,175,,,,Female,
17,2,8/16/18,Lab,Fat,4,2,24.23,37.4,164,,,,Female,
18,2,8/16/18,Lab,Fat,4,3,25.21,37,165,,,,Female,
19,2,8/16/18,Lab,Fat,4,4,26.51,37,152,,,,Female,
20,2,8/16/18,Lab,Fat,4,5,28.6,,189,,,,Female,
21,2,8/16/18,Lab,Chow,1,1,18.68,36.7,201,,,,Female,
22,2,8/16/18,Lab,Chow,1,2,22,37.4,153,,,,Female,
23,2,8/16/18,Lab,Chow,1,3,22.9,36.9,176,,,,Female,
24,2,8/16/18,Lab,Chow,1,4,18.79,37.3,178,,,,Female,
25,2,8/16/18,Lab,Chow,1,5,22.08,36.5,153,,,,Female,
26,2,8/16/18,Lab,Chow,2,1,20.47,,145,,,,Female,
27,2,8/16/18,Lab,Chow,2,2,21.69,36.3,135,,,,Female,
28,2,8/16/18,Lab,Chow,2,3,23.08,,201,,,,Female,
29,2,8/16/18,Lab,Chow,2,4,20.18,37.1,140,,,,Female,
30,2,8/16/18,Lab,Chow,2,5,21.18,37.2,142,,,,Female,
31,2,8/16/18,Lab,Chow,3,1,23.24,37,196,,,,Female,
32,2,8/16/18,Lab,Chow,3,2,25.6,37,155,,,,Female,
33,2,8/16/18,Lab,Chow,3,3,22.58,37.1,135,,,,Female,
34,2,8/16/18,Lab,Chow,3,4,21.44,,144,,,,Female,
35,2,8/16/18,Lab,Chow,3,5,21.62,36.5,128,,,,Female,
1,2,7/12/18,Wild,Fat,1,1,19.8,,150,,,,Female,
2,2,7/12/18,Wild,Fat,1,2,21.3,,165,,,,Female,
3,2,7/12/18,Wild,Fat,1,3,20.44,,148,,,,Female,
4,2,7/12/18,Wild,Fat,1,4,23.6,,191,,,,Female,
5,2,7/12/18,Wild,Fat,1,5,18.3,,163,,,,Female,
6,2,7/12/18,Wild,Fat,2,1,18.3,,146,,,,Female,
7,2,7/12/18,Wild,Fat,2,2,18.07,,157,,,,Female,
8,2,7/12/18,Wild,Fat,2,3,18.66,,90,,,,Female,
9,2,7/12/18,Wild,Fat,2,4,16.8,,122,,,,Female,
10,2,7/12/18,Wild,Fat,2,5,20.3,,148,,,,Female,
11,2,7/12/18,Wild,Fat,3,1,17.49,,121,,,,Female,
12,2,7/12/18,Wild,Fat,3,2,18.47,,140,,,,Female,
13,2,7/12/18,Wild,Fat,3,3,18.89,,138,,,,Female,
14,2,7/12/18,Wild,Fat,3,4,20.26,,95,,,,Female,
15,2,7/12/18,Wild,Fat,3,5,19.39,,112,,,,Female,
16,2,7/12/18,Wild,Fat,4,1,20.08,,154,,,,Female,
17,2,7/12/18,Wild,Fat,4,2,19.02,,139,,,,Female,
18,2,7/12/18,Wild,Fat,4,3,21.95,,109,,,,Female,
19,2,7/12/18,Wild,Fat,4,4,19.95,,204,,,,Female,
20,2,7/12/18,Wild,Fat,4,5,18.32,,150,,,,Female,
21,2,7/12/18,Wild,Chow,1,1,19.89,,81,,,,Female,
22,2,7/12/18,Wild,Chow,1,2,18.2,,145,,,,Female,
23,2,7/12/18,Wild,Chow,1,3,19.98,,150,,,,Female,
24,2,7/12/18,Wild,Chow,1,4,19.18,,98,,,,Female,
25,2,7/12/18,Wild,Chow,1,5,22.07,,32,,,,Female,
26,2,7/12/18,Wild,Chow,2,1,23.86,,122,,,,Female,
27,2,7/12/18,Wild,Chow,2,2,18.4,,132,,,,Female,
28,2,7/12/18,Wild,Chow,2,3,18.96,,155,,,,Female,
29,2,7/12/18,Wild,Chow,2,4,18.2,,140,,,,Female,
30,2,7/12/18,Wild,Chow,2,5,20.25,,150,,,,Female,
1,2,7/20/18,Wild,Fat,1,1,18.35,,145,,,,Female,
2,2,7/20/18,Wild,Fat,1,2,22.03,,164,,,,Female,
3,2,7/20/18,Wild,Fat,1,3,19.98,,110,,,,Female,
4,2,7/20/18,Wild,Fat,1,4,25.11,,180,,,,Female,
5,2,7/20/18,Wild,Fat,1,5,20.34,,203,,,,Female,
6,2,7/20/18,Wild,Fat,2,1,18.42,,186,,,,Female,
7,2,7/20/18,Wild,Fat,2,2,19.24,,170,,,,Female,
8,2,7/20/18,Wild,Fat,2,3,20.52,,181,,,,Female,
9,2,7/20/18,Wild,Fat,2,4,17.59,,140,,,,Female,
10,2,7/20/18,Wild,Fat,2,5,21.4,,133,,,,Female,
11,2,7/20/18,Wild,Fat,3,1,17.6,,137,,,,Female,
12,2,7/20/18,Wild,Fat,3,2,18.78,,148,,,,Female,
13,2,7/20/18,Wild,Fat,3,3,20.49,,164,,,,Female,
14,2,7/20/18,Wild,Fat,3,4,21.62,,128,,,,Female,
15,2,7/20/18,Wild,Fat,3,5,20.36,,211,,,,Female,
16,2,7/20/18,Wild,Fat,4,1,20.4,,172,,,,Female,
17,2,7/20/18,Wild,Fat,4,2,19.99,,167,,,,Female,
18,2,7/20/18,Wild,Fat,4,3,23.27,,181,,,,Female,
19,2,7/20/18,Wild,Fat,4,4,20.86,,205,,,,Female,
20,2,7/20/18,Wild,Fat,4,5,18.88,,124,,,,Female,
21,2,7/20/18,Wild,Chow,1,1,23.85,,185,,,,Female,
22,2,7/20/18,Wild,Chow,1,2,19.14,,212,,,,Female,
23,2,7/20/18,Wild,Chow,1,3,20.25,,135,,,,Female,
24,2,7/20/18,Wild,Chow,1,4,19.91,,139,,,,Female,
25,2,7/20/18,Wild,Chow,1,5,22.99,,139,,,,Female,
26,2,7/20/18,Wild,Chow,2,1,23.82,,165,,,,Female,
27,2,7/20/18,Wild,Chow,2,2,18.91,,144,,,,Female,
28,2,7/20/18,Wild,Chow,2,3,18.7,,184,,,,Female,
29,2,7/20/18,Wild,Chow,2,4,18.06,,165,,,,Female,
30,2,7/20/18,Wild,Chow,2,5,23.26,,153,,,,Female,
1,2,7/26/18,Wild,Fat,1,1,20.54,,196,,,,Female,
2,2,7/26/18,Wild,Fat,1,2,22.57,,140,,,,Female,
3,2,7/26/18,Wild,Fat,1,3,21.96,,208,,,,Female,
4,2,7/26/18,Wild,Fat,1,4,25.29,,203,,,,Female,
5,2,7/26/18,Wild,Fat,1,5,18.51,,202,,,,Female,
6,2,7/26/18,Wild,Fat,2,1,19.2,,189,,,,Female,
7,2,7/26/18,Wild,Fat,2,2,20.2,,158,,,,Female,
8,2,7/26/18,Wild,Fat,2,3,22.27,,101,,,,Female,
9,2,7/26/18,Wild,Fat,2,4,18.15,,147,,,,Female,
10,2,7/26/18,Wild,Fat,2,5,22.31,,170,,,,Female,
11,2,7/26/18,Wild,Fat,3,1,18.75,,126,,,,Female,
12,2,7/26/18,Wild,Fat,3,2,18.65,,153,,,,Female,
13,2,7/26/18,Wild,Fat,3,3,20.8,,120,,,,Female,
14,2,7/26/18,Wild,Fat,3,4,22.82,,106,,,,Female,
15,2,7/26/18,Wild,Fat,3,5,20.63,,152,,,,Female,
16,2,7/26/18,Wild,Fat,4,1,21.04,,130,,,,Female,
17,2,7/26/18,Wild,Fat,4,2,21.4,,122,,,,Female,
18,2,7/26/18,Wild,Fat,4,3,23.08,,170,,,,Female,
19,2,7/26/18,Wild,Fat,4,4,21.32,,156,,,,Female,
20,2,7/26/18,Wild,Fat,4,5,19.45,,147,,,,Female,
21,2,7/26/18,Wild,Chow,1,1,22.9,,170,,,,Female,
22,2,7/26/18,Wild,Chow,1,2,19.81,,134,,,,Female,
23,2,7/26/18,Wild,Chow,1,3,20.88,,153,,,,Female,
24,2,7/26/18,Wild,Chow,1,4,20.08,,156,,,,Female,
25,2,7/26/18,Wild,Chow,1,5,23.77,,152,,,,Female,
26,2,7/26/18,Wild,Chow,2,1,24.45,,153,,,,Female,
27,2,7/26/18,Wild,Chow,2,2,18.56,,103,,,,Female,
28,2,7/26/18,Wild,Chow,2,3,19.58,,123,,,,Female,
29,2,7/26/18,Wild,Chow,2,4,18.52,,134,,,,Female,
30,2,7/26/18,Wild,Chow,2,5,23.03,,155,,,,Female,
1,2,8/3/18,Wild,Fat,1,1,20.95,,192,,,,Female,
2,2,8/3/18,Wild,Fat,1,2,24.04,,198,,,,Female,
3,2,8/3/18,Wild,Fat,1,3,22.16,,145,,,,Female,
4,2,8/3/18,Wild,Fat,1,4,26.43,,187,,,,Female,
5,2,8/3/18,Wild,Fat,1,5,18.57,,187,,,,Female,
6,2,8/3/18,Wild,Fat,2,1,19.48,,168,,,,Female,
7,2,8/3/18,Wild,Fat,2,2,21.88,,213,,,,Female,
8,2,8/3/18,Wild,Fat,2,3,24.57,,181,,,,Female,
9,2,8/3/18,Wild,Fat,2,4,19.03,,158,,,,Female,
10,2,8/3/18,Wild,Fat,2,5,22.54,,140,,,,Female,
11,2,8/3/18,Wild,Fat,3,1,18.91,,166,,,,Female,
12,2,8/3/18,Wild,Fat,3,2,19.37,,165,,,,Female,
13,2,8/3/18,Wild,Fat,3,3,21.39,,180,,,,Female,
14,2,8/3/18,Wild,Fat,3,4,23.31,,135,,,,Female,
15,2,8/3/18,Wild,Fat,3,5,21.01,,112,,,,Female,
16,2,8/3/18,Wild,Fat,4,1,20.1,,,,,,Female,
17,2,8/3/18,Wild,Fat,4,2,21.73,,126,,,,Female,
18,2,8/3/18,Wild,Fat,4,3,24.29,,187,,,,Female,
19,2,8/3/18,Wild,Fat,4,4,23.86,,147,,,,Female,
20,2,8/3/18,Wild,Fat,4,5,20.7,,175,,,,Female,
21,2,8/3/18,Wild,Chow,1,1,22.18,,158,,,,Female,
22,2,8/3/18,Wild,Chow,1,2,19.33,,144,,,,Female,
23,2,8/3/18,Wild,Chow,1,3,20.31,,158,,,,Female,
24,2,8/3/18,Wild,Chow,1,4,20.28,,167,,,,Female,
25,2,8/3/18,Wild,Chow,1,5,23.1,,162,,,,Female,
26,2,8/3/18,Wild,Chow,2,1,24.98,,158,,,,Female,
27,2,8/3/18,Wild,Chow,2,2,19.55,,128,,,,Female,
28,2,8/3/18,Wild,Chow,2,3,18.52,,123,,,,Female,
29,2,8/3/18,Wild,Chow,2,4,17.6,,169,,,,Female,
30,2,8/3/18,Wild,Chow,2,5,23.8,,183,,,,Female,
1,2,8/9/18,Wild,Fat,1,1,21.65,,201,,,,Female,
2,2,8/9/18,Wild,Fat,1,2,25.87,,193,,,,Female,
3,2,8/9/18,Wild,Fat,1,3,23.03,,203,,,,Female,
4,2,8/9/18,Wild,Fat,1,4,28.16,,210,,,,Female,
5,2,8/9/18,Wild,Fat,1,5,18.84,,257,,,,Female,
6,2,8/9/18,Wild,Fat,2,1,19.74,,186,,,,Female,
7,2,8/9/18,Wild,Fat,2,2,22.83,,173,,,,Female,
8,2,8/9/18,Wild,Fat,2,3,26.2,,177,,,,Female,
9,2,8/9/18,Wild,Fat,2,4,18.96,,151,,,,Female,
10,2,8/9/18,Wild,Fat,2,5,25.74,,161,,,,Female,
11,2,8/9/18,Wild,Fat,3,1,19.06,,163,,,,Female,
12,2,8/9/18,Wild,Fat,3,2,19.63,,141,,,,Female,
13,2,8/9/18,Wild,Fat,3,3,22.48,,181,,,,Female,
14,2,8/9/18,Wild,Fat,3,4,25.01,,192,,,,Female,
15,2,8/9/18,Wild,Fat,3,5,21.43,,133,,,,Female,
16,2,8/9/18,Wild,Fat,4,1,21.71,,141,,,,Female,
17,2,8/9/18,Wild,Fat,4,2,20.71,,152,,,,Female,
18,2,8/9/18,Wild,Fat,4,3,24.89,,196,,,,Female,
19,2,8/9/18,Wild,Fat,4,4,22.52,,128,,,,Female,
20,2,8/9/18,Wild,Fat,4,5,21.6,,183,,,,Female,
21,2,8/9/18,Wild,Chow,1,1,23.72,,165,,,,Female,
22,2,8/9/18,Wild,Chow,1,2,20.05,,164,,,,Female,
23,2,8/9/18,Wild,Chow,1,3,21.15,,120,,,,Female,
24,2,8/9/18,Wild,Chow,1,4,21.1,,165,,,,Female,
25,2,8/9/18,Wild,Chow,1,5,23.91,,159,,,,Female,
26,2,8/9/18,Wild,Chow,2,1,24.36,,133,,,,Female,
27,2,8/9/18,Wild,Chow,2,2,20.02,,165,,,,Female,
28,2,8/9/18,Wild,Chow,2,3,19.4,,152,,,,Female,
29,2,8/9/18,Wild,Chow,2,4,18.62,,105,,,,Female,
30,2,8/9/18,Wild,Chow,2,5,24.95,,173,,,,Female,
1,1,8/22/18,Lab,Fat,1,1,38.09,,234,,,,Female,
2,1,8/22/18,Lab,Fat,1,2,40.65,,175,,,,Female,
3,1,8/22/18,Lab,Fat,1,3,34.59,,168,,,,Female,
4,1,8/22/18,Lab,Fat,1,4,33.68,,222,,,,Female,
5,1,8/22/18,Lab,Fat,1,5,36.37,,204,,,,Female,
6,1,8/22/18,Lab,Fat,2,1,44.42,,241,,,,Female,
7,1,8/22/18,Lab,Fat,2,2,35.08,,156,,,,Female,
8,1,8/22/18,Lab,Fat,2,3,38.09,,223,,,,Female,
9,1,8/22/18,Lab,Fat,2,4,38.05,,211,,,,Female,
10,1,8/22/18,Lab,Fat,2,5,32.81,,205,,,,Female,
11,1,8/22/18,Lab,Fat,3,1,28.28,36.8,186,,,,Female,M1 found in E2 HF1
12,1,8/22/18,Lab,Fat,3,2,35.23,,180,,,,Female,
13,1,8/22/18,Lab,Fat,3,3,35.68,,141,,,,Female,
14,1,8/22/18,Lab,Fat,3,4,33.28,,164,,,,Female,
15,1,8/22/18,Lab,Fat,3,5,34.42,37.5,224,,,,Female,
16,1,8/22/18,Lab,Chow,1,1,23.81,37,165,,,,Female,
17,1,8/22/18,Lab,Chow,1,2,26.55,36.5,155,,,,Female,
18,1,8/22/18,Lab,Chow,1,3,27.94,36.6,161,,,,Female,
19,1,8/22/18,Lab,Chow,1,4,22.07,36.6,171,,,,Female,
20,1,8/22/18,Lab,Chow,2,1,23.85,36.4,154,,,,Female,
21,1,8/22/18,Lab,Chow,2,2,31.6,36.4,147,,,,Female,
22,1,8/22/18,Lab,Chow,2,3,22.39,35.9,114,,,,Female,
23,1,8/22/18,Lab,Chow,2,4,26.09,37,171,,,,Female,
24,1,8/22/18,Lab,Chow,3,1,23.66,36.2,131,,,,Female,
25,1,8/22/18,Lab,Chow,3,2,26.01,37,149,,,,Female,
26,1,8/22/18,Lab,Chow,3,3,30.03,37.3,186,,,,Female,
27,1,8/22/18,Lab,Chow,3,4,24.85,36.4,153,,,,Female,
1,2,8/22/18,Lab,Fat,1,1,26.79,37.7,169,,,,Female,
2,2,8/22/18,Lab,Fat,1,2,30.86,38,217,,,,Female,
3,2,8/22/18,Lab,Fat,1,3,25.87,37.5,188,,,,Female,
4,2,8/22/18,Lab,Fat,1,4,30.91,38.3,166,,,,Female,
5,2,8/22/18,Lab,Fat,1,5,22.35,38.1,183,,,,Female,
6,2,8/22/18,Lab,Fat,2,1,25.17,37.5,195,,,,Female,
7,2,8/22/18,Lab,Fat,2,2,24.43,36.9,185,,,,Female,
8,2,8/22/18,Lab,Fat,2,3,25.88,38.1,181,,,,Female,
9,2,8/22/18,Lab,Fat,2,4,24.62,38,149,,,,Female,
10,2,8/22/18,Lab,Fat,2,5,28.33,37.9,212,,,,Female,
11,2,8/22/18,Lab,Fat,3,1,27.18,37.3,203,,,,Female,
12,2,8/22/18,Lab,Fat,3,2,30.41,37.7,184,,,,Female,
13,2,8/22/18,Lab,Fat,3,3,33.96,36.6,155,,,,Female,
14,2,8/22/18,Lab,Fat,3,4,31.69,37.8,214,,,,Female,
15,2,8/22/18,Lab,Fat,3,5,22.57,37.8,174,,,,Female,
16,2,8/22/18,Lab,Fat,4,1,30.63,37.6,201,,,,Female,
17,2,8/22/18,Lab,Fat,4,2,25.47,37.3,189,,,,Female,
18,2,8/22/18,Lab,Fat,4,3,25.97,37.1,171,,,,Female,
19,2,8/22/18,Lab,Fat,4,4,27.72,38,144,,,,Female,
20,2,8/22/18,Lab,Fat,4,5,26.9,37.4,208,,,,Female,
21,2,8/22/18,Lab,Chow,1,1,21.96,36.9,171,,,,Female,
22,2,8/22/18,Lab,Chow,1,2,22.18,36.1,117,,,,Female,
23,2,8/22/18,Lab,Chow,1,3,23.24,36.7,172,,,,Female,
24,2,8/22/18,Lab,Chow,1,4,19.87,36.1,110,,,,Female,
25,2,8/22/18,Lab,Chow,1,5,19.5,37,199,,,,Female,
26,2,8/22/18,Lab,Chow,2,1,19.81,37.3,126,,,,Female,
27,2,8/22/18,Lab,Chow,2,2,20.65,36.3,115,,,,Female,
28,2,8/22/18,Lab,Chow,2,3,22.52,37,148,,,,Female,
29,2,8/22/18,Lab,Chow,2,4,21.02,36.8,111,,,,Female,
30,2,8/22/18,Lab,Chow,2,5,20.71,37,124,,,,Female,
31,2,8/22/18,Lab,Chow,3,1,23.94,37,154,,,,Female,
32,2,8/22/18,Lab,Chow,3,2,25.08,36.1,127,,,,Female,
33,2,8/22/18,Lab,Chow,3,3,22.12,36.7,156,,,,Female,
34,2,8/22/18,Lab,Chow,3,4,20.85,37.3,157,,,,Female,
35,2,8/22/18,Lab,Chow,3,5,21.84,36.1,140,,,,Female,
1,3,8/22/18,Lab,Fat,1,1,24.55,37,164,,,,Female,
2,3,8/22/18,Lab,Fat,1,2,24.42,37.6,193,,,,Female,
3,3,8/22/18,Lab,Fat,1,3,20.06,37.6,157,,,,Female,
4,3,8/22/18,Lab,Fat,1,4,27.34,37.3,186,,,,Female,
5,3,8/22/18,Lab,Fat,1,5,23.74,36.9,155,,,,Female,
6,3,8/22/18,Lab,Fat,2,1,22.14,36.9,156,,,,Female,
7,3,8/22/18,Lab,Fat,2,2,21.79,37.4,173,,,,Female,
8,3,8/22/18,Lab,Fat,2,3,22.78,37.7,181,,,,Female,
9,3,8/22/18,Lab,Fat,2,4,26.65,36.3,177,,,,Female,
10,3,8/22/18,Lab,Fat,2,5,32.24,37.5,201,,,,Female,
11,3,8/22/18,Lab,Fat,3,1,24.81,37.5,143,,,,Female,
12,3,8/22/18,Lab,Fat,3,2,23.28,37.6,215,,,,Female,
13,3,8/22/18,Lab,Fat,3,3,26.16,37.4,186,,,,Female,
14,3,8/22/18,Lab,Fat,3,4,22.14,37.7,,,,,Female,
15,3,8/22/18,Lab,Fat,3,5,25.31,37,209,,,,Female,
16,3,8/22/18,Lab,Fat,4,1,23.22,37.3,200,,,,Female,
17,3,8/22/18,Lab,Fat,4,2,25.03,36.5,139,,,,Female,
18,3,8/22/18,Lab,Fat,4,3,23.49,36.5,143,,,,Female,
19,3,8/22/18,Lab,Fat,4,4,20.11,36.1,163,,,,Female,
20,3,8/22/18,Lab,Fat,4,5,24.7,37.4,188,,,,Female,
21,3,8/22/18,Lab,Chow,1,1,21.79,35.6,119,,,,Female,
22,3,8/22/18,Lab,Chow,1,2,20.14,37.1,129,,,,Female,
23,3,8/22/18,Lab,Chow,1,3,21.39,36.9,150,,,,Female,
24,3,8/22/18,Lab,Chow,1,4,18.58,35.6,105,,,,Female,
25,3,8/22/18,Lab,Chow,1,5,21.14,36.2,121,,,,Female,
26,3,8/22/18,Lab,Chow,2,1,20.47,35.4,,,,,Female,
27,3,8/22/18,Lab,Chow,2,2,23.24,36.2,161,,,,Female,
28,3,8/22/18,Lab,Chow,2,3,19.98,36.8,140,,,,Female,
29,3,8/22/18,Lab,Chow,2,4,19.08,37.1,100,,,,Female,
30,3,8/22/18,Lab,Chow,2,5,23.85,35.7,128,,,,Female,
31,3,8/22/18,Lab,Chow,3,1,20.55,36.8,166,,,,Female,
32,3,8/22/18,Lab,Chow,3,2,19.88,35.3,108,,,,Female,
33,3,8/22/18,Lab,Chow,3,3,18.76,36.8,140,,,,Female,
34,3,8/22/18,Lab,Chow,3,4,21.26,35.7,129,,,,Female,
35,3,8/22/18,Lab,Chow,3,5,21.83,36.5,138,,,,Female,